Workbook
Name Excel_BuiltIn_Print_Area_1: 0
Name Excel_BuiltIn_Print_Area_1_1: 0
Name Excel_BuiltIn_Print_Area_10: 0
Name Excel_BuiltIn_Print_Area_2: 0
Name Excel_BuiltIn_Print_Area_2_1: 0
Name Excel_BuiltIn_Print_Area_3: 0
Name Excel_BuiltIn_Print_Area_3_1: 0
Name Excel_BuiltIn_Print_Area_4: 0
Name Excel_BuiltIn_Print_Area_5: 0
Name Excel_BuiltIn_Print_Area_6: 0
Name Excel_BuiltIn_Print_Area_7: 0
Name Excel_BuiltIn_Print_Area_8: 0
Name Excel_BuiltIn_Print_Area_9: 0

Sheet 116
A2: Machine Brand | B2: EGT | C2: A
B3: MEGA VISION
A4: 1 Credit = $ | B4: 1
A6: Machine Number | B6: 116
A7: GAME | B7: MULTI GAMES
A8: TOTAL BET (COIN IN) | B8: 9854928
A9: TOTAL CASHABLE PLAYED | B9: =B8 -> 9854928
A10: TOTAL PROMOTIONAL PLAYED | B10: 0 | D10: Ll
A11: TOTAL NON-CASHABLE PLAYED | B11: 0
A13: TOTAL WON | B13: 9520465.4
A14: TOTAL WINNINGS TO CREDIT | B14: 9382180.8
A15: WINNINGS FROM PAYTABLE (COIN OUT) | B15: =B14 -> 9382180.8
A16: WINNINGS FROM PROGRESSIVES | B16: 0
A17: WINNINGS FROM EXTERNAL BONUSES | B17: 0
A18: TOTAL WINNINGS PAID BY ATTENDANT | B18: 138284.6
A19: Attendant Paid Paytable Winnings | B19: =+B18 -> 138284.6
A20: Attedant Paid Progressives | B20: 0
A21: Attendant Paid External Bonuses | B21: 0
B23: 0
A24: Machine Hold % | B24: 0.034
A25: Machine Yield % | B25: 0.966
A26: Weighted average TRTP % | B26: 0.9573
A28: TOTAL IN | B28: 2490709.9
A29: Physical Coin In | B29: 0
A30: Bill In | B30: 1482958
A31: Cashless in | B31: 1007751.9
A32: Cashable Electronic in | B32: =+B31 -> 1007751.9
A33: KEYED IN | B33: .
A34: Promotional Electronic In | B34: 0
A35: Non cashable electronic In | B35: 0
A36: Voucher In | B36: 0
A37: Cashable voucher In | B37: 0
A38: Promotional voucher in | B38: 0
A39: Non-cashable Voucher In | B39: 0
A41: TOTAL OUT | B41: 2156247.3
A42: Physical Coin Out | B42: 0
A43: Total Winnings Paid By Attendant | B43: 138284.6
A44: Cancelled Credits Paid by Attendant | B44: 303.44
A45: VOUCHER OUT | B45: 0
A46: Cashable Voucher Out | B46: 0
... A48: CASHLESS OUT | B48: 2017659.3
A49: Cashable Electronic Out | B49: =+B48 -> 2017659.3
A50: Promotional Electronic Out | B50: 0
A51: Non-cashable Electronic Out | B51: 0
A53: TOTAL CANCELLED CREDITS | B53: 2017962.7
B54: 0
A55: TOTAL HANDPAY RECEIPT | B55: 0
A56: Cancelled Credits Receipt | B56: 0
A57: Jackpot Receipt | B57: 0
B58: 0
A59: COIN DROP | B59: 0
A60: Extra Coins Out | B60: 0
A61: Hopper Fill | B61: 0
A62: Quantity of Physical Coins In | B62: 0
A63: Quantity of Physical Coins Out | B63: 0
A64: Quantity of Physical Coins In Drop | B64: 0
A66: TOTAL GAMES PLAYED | B66: 5074395
A67: Total GAMES Won | B67: 830475
A68: Total GAMES Lost | B68: 4243920
A69: Main Games Lost | B69: 4243687
A70: Games Lost In Gamble | B70: =B68-B69 -> 233
A72: LADYS CARDS JACKPOT STATISTICS
A73: CLUBS | B73: 0
A74: DIAMONDS | B74: 0
A75: HEARTS | B75: 0
A76: SPADES | B76: 0
A78: TOTAL | B78: =+SUM(B73:B76) -> 0

Sheet 96
I1: AMES WON
A2: Machine Brand | B2: ATRONIC
A4: 1 Credit = $ | B4: 1
A6: Machine Number | B6: 96
A7: GAME | B7: OUTSTANDING ORANGE DELUXE
A8: True In | B8: 225080.75
A9: Pysical Coin In | B9: 0
A10: Bills in | B10: 87795
A11: Total voucher In | B11: 0
A12: Total Cashless Transactions In | B12: 137285.75
A13: Money Wagered | B13: 634558.74
A14: Money Won (incl Bonus Jackpot) | B14: 5765873.5
A15: Money Won (incl Bonus JP Bonus) | B15: 589879.47 | C15: 94926.51
A16: Money Won (incl Bonus JP Bonus, Jackpot) | B16: =B15 -> 589879.47 | C16: 394248.87
A17: Total Bonus In | B17: 0 | C17: 35488
A18: True Out | B18: 180401.48
A19: Physical Coin Out | B19: 0
A20: Total voucher Out | B20: 0
A21: Total Cashless Transactions Out | B21: =B18 -> 180401.48
A22: Handpay | B22: 0
A23: Handpay (Incl Jackpot) | B23: 0
A24: Jackpot | B24: 0
A25: Jackpot (Incl Progressive JP, Bonus) | B25: 0
A26: Net Win(Incl Progressive JP) | B26: 44679.27
A27: Net Win (Incl Progressive JP, Bonus) | B27: =B26 -> 44679.27
A28: Total Drop | B28: 87795
A29: Current Payout %(Incl Progressive JP) | B29: 0.9295
A30: Current Payout % (Incl Progressive JP, Bonus) | B30: =+B29 -> 0.9295

Sheet 43
A2: Machine Brand | B2: EGT | C2: A
B3: MEGA VISION
A4: 1 Credit = $ | B4: 1
A6: Machine Number | B6: 43
A7: GAME | B7: MULTI GAMES
A8: TOTAL BET (COIN IN) | B8: 17267146
A9: TOTAL CASHABLE PLAYED | B9: =B8 -> 17267146
A10: TOTAL PROMOTIONALPLAYED | B10: 0
A11: TOTAL NONCASHABLE PLAYED | B11: 0
A13: TOTAL WON | B13: 16402434
A14: TOTAL WINNINGS TO CREDIT | B14: 16273584
A15: WINNINGS PAYTABLE(COIN OUT) | B15: =B14 -> 16273584
A16: WINNINGS FROM PROGRESSIVES | B16: 0
A17: WINNINGS FROM EXTERNAL BONUSES | B17: 0
A18: TOTAL WINNINGS PAID BY ATTENDANT | B18: 128850
A19: Attendant Paid Paytable | B19: =+B18 -> 128850
A20: Attedant Paid Progressives | B20: 0
A21: Attendant Paid External Bonuses | B21: 0
A24: TOTAL IN | B24: 4721454.7 | E24: =B24=B26+B27 -> TRUE
A25: Physical Coin In | B25: 0 | H25: 2903100
A26: Bill In | B26: 3055780 | H26: =+H25-B26 -> -152680
A27: Cashless in | B27: 1665674.6
A28: Cashable Electronic in | B28: =B27 -> 1665674.6
A29: KEYED IN | B29: 0
A30: Promotional Electronic In | B30: 0
A31: Non-cashable electronic In | B31: 0
A32: VOUCHER IN | B32: 0
A33: Cashable Voucher in | B33: 0
A34: promotional Voucher in | B34: 0
A35: Non-cashable Voucher in | B35: 0
A37: TOTAL OUT | B37: 3856741.8
A38: Physical Coin Out | B38: 0
A39: Total Winnings Paid By Attendant | B39: 128850
A40: Cancelled Credits Paid by Attendant | B40: 2188.06
A41: VOUCHER OUT | B41: 0
... A43: non-cashable Voucher Out | B43: 0
A44: CASHLESS OUT | B44: 3725703.8 | J44: 33
A45: Cashable Electronic Out | B45: =B44 -> 3725703.8
A46: Promotional Electronic Out | B46: 0
A47: Non-cashable Electronic Out | B47: 0
A49: TOTAL CANCELLED CREDITS | B49: 3727891.8
B50: 0
A51: TOTAL HANDPAY RECEIPT | B51: 0
A52: Cancelled Credits Receipt | B52: 0
A53: Jackpot Receipt | B53: 0
A55: COIN DROP | B55: 0
A56: Extra Coins Out | B56: 0
A57: Hopper Fill | B57: 0 | G57: 976455636
A58: Quantity of Physical Coins In | B58: 0
A59: Quantity of Physical Coins Out | B59: 0
A60: Quantity of Physical Coins In Drop | B60: 0
A62: TOTAL GAMES PLAYED | B62: 17842617
A63: Total GAMES Won | B63: 2844319
A64: Total GAMES Lost | B64: 14998298
A65: Main Games Lost | B65: 14972220
A66: Games Lost In Double Up | B66: =+B64-B65 -> 26078

Sheet 111
A2: Machine Brand | B2: EGT | C2: A
B3: MEGA VISION
A4: 1 Credit = $ | B4: 1
A6: Machine Number | B6: 111
A7: GAME | B7: MULTI GAMES
A8: TOTAL BET (COIN IN) | B8: 7996478.6
A9: TOTAL CASHABLE PLAYED | B9: =B8 -> 7996478.6
A10: TOTAL PROMOTIONAL PLAYED | B10: 0
A11: TOTAL NON-CASHABLE PLAYED | B11: 0
A13: TOTAL WON | B13: 7586630
A14: TOTAL WINNINGS TO CREDIT | B14: 7491305.5
A15: WINNINGS FROM PAYTABLE (COIN OUT) | B15: =B14 -> 7491305.5
A16: WINNINGS FROM PROGRESSIVES | B16: 0
A17: WINNINGS FROM EXTERNAL BONUSES | B17: 0
A18: TOTAL WINNINGS PAID BY ATTENDANT | B18: 95324.5
A19: Attendant Paid Paytable Winnings | B19: =+B18 -> 95324.5
A20: Attedant Paid Progressives | B20: 0
A21: Attendant Paid External Bonuses | B21: 0
B23: 0
A24: Machine Hold % | B24: 0.0533
A25: Machine Yield % | B25: 0.9467
A26: Weighted average TRTP % | B26: 0.9568
A28: TOTAL IN | B28: 1833030.7
A29: Physical Coin In | B29: 0
A30: Bill In | B30: 1095813
A31: Cashless in | B31: 737217.66
A32: Cashable Electronic in | B32: =+B31 -> 737217.66
A33: KEYED IN | B33: 0
A34: Promotional Electronic In | B34: 0
A35: Non cashable electronic In | B35: 0
A36: Voucher In | B36: 0
A37: Cashable voucher In | B37: 0
A38: Promotional voucher in | B38: 0
A39: Non-cashable Voucher In | B39: 0
A41: TOTAL OUT | B41: 1423182.1
A42: Physical Coin Out | B42: 0
A43: Total Winnings Paid By Attendant | B43: 95324.5
A44: Cancelled Credits Paid by Attendant | B44: 326.72
A45: VOUCHER OUT | B45: 0
... A48: CASHLESS OUT | B48: 1327530.8
A49: Cashable Electronic Out | B49: =B48 -> 1327530.8
A50: Promotional Electronic Out | B50: 0
A51: Non-cashable Electronic Out | B51: 0
A53: TOTAL CANCELLED CREDITS | B53: 1327857.6
B54: 0
A55: TOTAL HANDPAY RECEIPT | B55: 0
A56: Cancelled Credits Receipt | B56: 0
A57: Jackpot Receipt | B57: 0
B58: 0
A59: COIN DROP | B59: 0
A60: Extra Coins Out | B60: 0
A61: Hopper Fill | B61: 0
A62: Quantity of Physical Coins In | B62: 0
A63: Quantity of Physical Coins Out | B63: 0
A64: Quantity of Physical Coins In Drop | B64: 0
A66: TOTAL GAMES PLAYED | B66: 4044606
A67: Total GAMES Won | B67: 685005
A68: Total GAMES Lost | B68: 3359601
A69: Main Games Lost | B69: 3359435
A70: Games Lost In Gamble | B70: =B68-B69 -> 166
A72: LADYS CARDS JACKPOT STATISTICS
A73: CLUBS | B73: 0
A74: DIAMONDS | B74: 0
A75: HEARTS | B75: 0
A76: SPADES | B76: 0
A78: TOTAL | B78: =+SUM(B73:B76) -> 0

Sheet 92
I1: AMES WON
A2: Machine Brand | B2: ATRONIC
A4: 1 Credit = $ | B4: 1
A6: Machine Number | B6: 92
A7: GAME | B7: LEGENDARY CLASSICS DELUXE
A8: True In | B8: 238365.69
A9: Pysical Coin In | B9: 0
A10: Bills in | B10: 127211
A11: Total voucher In | B11: 0
A12: Total Cashless Transactions In | B12: 111154.69
A13: Money Wagered | B13: 975486.61
A14: Money Won (incl Bonus Jackpot) | B14: 919053.12
A15: Money Won (incl Bonus JP Bonus) | B15: 923643.75
A16: Money Won (incl Bonus JP Bonus, Jackpot) | B16: =B15 -> 923643.75
A17: Total Bonus In | B17: 0
A18: True Out | B18: 186522.83
A19: Physical Coin Out | B19: 0
A20: Total voucher Out | B20: 0
A21: Total Cashless Transactions Out | B21: =B18 -> 186522.83
A22: Handpay | B22: 0
A23: Handpay (Incl Jackpot) | B23: 0 | E23: =+B23-B41 -> 0
A24: Jackpot | B24: 0
A25: Jackpot (Incl Progressive JP, Bonus) | B25: 0
A26: Net Win(Incl Progressive JP) | B26: 51842.86
A27: Net Win (Incl Progressive JP, Bonus) | B27: =+B26 -> 51842.86
A28: Total Drop | B28: 127211
A29: Current Payout %(Incl Progressive JP) | B29: 0.9468
A30: Current Payout % (Incl Progressive JP, Bonus) | B30: =B29 -> 0.9468

Sheet 91
I1: AMES WON
A2: Machine Brand | B2: ATRONIC
A4: 1 Credit = $ | B4: 1
A6: Machine Number | B6: 91
A7: GAME | B7: MAGNIFICENT MAGENTA DELUXE
A8: True In | B8: 306561.96
A9: Pysical Coin In | B9: 0
A10: Bills in | B10: 148748
A11: Total voucher In | B11: 0
A12: Total Cashless Transactions In | B12: 157813.96 | C12: 47
A13: Money Wagered | B13: 1058066.5
A14: Money Won (incl Bonus Jackpot) | B14: 1004415.7
A15: Money Won (incl Bonus JP Bonus) | B15: 1009019.3
A16: Money Won (incl Bonus JP Bonus, Jackpot) | B16: =B15 -> 1009019.3
A17: Total Bonus In | B17: 0
A18: True Out | B18: 257514.77
A19: Physical Coin Out | B19: 0
A20: Total voucher Out | B20: 0
A21: Total Cashless Transactions Out | B21: =B18 -> 257514.77
A22: Handpay | B22: 0
A23: Handpay (Incl Jackpot) | B23: 0 | E23: =+B23-B41 -> 0
A24: Jackpot | B24: 0
A25: Jackpot (Incl Progressive JP, Bonus) | B25: 0
A26: Net Win(Incl Progressive JP) | B26: 49047.19
A27: Net Win (Incl Progressive JP, Bonus) | B27: =B26 -> 49047.19
A28: Total Drop | B28: 148748
A29: Current Payout %(Incl Progressive JP) | B29: 0.9536
A30: Current Payout % (Incl Progressive JP, Bonus) | B30: =B29 -> 0.9536

Sheet 40
A2: Machine Brand | B2: EGT | C2: A
B3: MEGA VISION
A4: 1 Credit = $ | B4: 1 | I4: 2
A6: Machine Number | B6: 40
A7: GAME | B7: MULTI GAMES
A8: TOTAL BET (COIN IN) | B8: 17484784
A9: TOTAL CASHABLE PLAYED | B9: =+B8 -> 17484784
A10: TOTAL PROMOTIONALPLAYED | B10: 0
A11: TOTAL NONCASHABLE PLAYED | B11: 0
A13: TOTAL WON | B13: 16717389
A14: TOTAL WINNINGS TO CREDIT | B14: 16656201
A15: WINNINGS PAYTABLE(COIN OUT) | B15: =B14 -> 16656201
A16: WINNINGS FROM PROGRESSIVES | B16: 0
A17: WINNINGS FROM EXTERNAL BONUSES | B17: 0
A18: TOTAL WINNINGS PAID BY ATTENDANT | B18: 61188 | G18: 2
A19: Attendant Paid Paytable | B19: =B18 -> 61188
A20: Attedant Paid Progressives | B20: 0
A21: Attendant Paid External Bonuses | B21: 0
A24: TOTAL IN | B24: 4495301.8
A25: Physical Coin In | B25: 0 | E25: on
A26: Bill In | B26: 3116190 | E26: =B24=B26+B27 -> TRUE
A27: Cashless in | B27: 1379111.9
A28: Cashable Electronic in | B28: =B27 -> 1379111.9
A29: KEYED IN | B29: 0
A30: Promotional Electronic In | B30: 0
A31: Non-cashable Electronic In | B31: 0
B32: 0
A33: VOUCHER IN
A34: Cashable Voucher in | B34: 0
A35: promotional Voucher in | B35: 0
A36: Non-cashable Voucher in | B36: 0
A38: TOTAL OUT | B38: 3727907.2
A39: Physical Coin Out | B39: 0
A40: Total Winnings Paid By Attendant | B40: 61188
A41: cancelled credits paid by attendant | B41: 2880.64
A42: VOUCHER OUT | B42: 0
A43: Cashable Voucher Out | B43: 0
A44: non-cashable Voucher Out | B44: 0
A45: CASHLESS OUT | B45: 3663838.6
A46: Cashable Electronic Out | B46: =+B45 -> 3663838.6
A47: Promotional Electronic Out | B47: 0
A48: Non-cashable Electronic Out | B48: 0
A50: TOTAL CANCELLED CREDITS | B50: 3666719.2
A52: TOTAL HANDPAY RECEIPT | B52: 0
A53: Cancelled Credits Receipt | B53: 0
A54: Jackpot Receipt | B54: 0
A56: COIN DROP | B56: 0
A57: Extra Coins Out | B57: 0
A58: Hopper Fill | B58: 0
A59: Quantity of Physical Coins In | B59: 0
A60: Quantity of Physical Coins Out | B60: 0
A61: Quantity of Physical Coins In Drop | B61: 0
... A66: Main Games Lost | B66: 11114420
A67: Games Lost In Double Up | B67: =+B65-B66 -> 43407

Sheet 117
A2: Machine Brand | B2: EGT | C2: A
B3: MEGA VISION
A4: 1 Credit = $ | B4: 1
A6: Machine Number | B6: 117
A7: GAME | B7: MULTI GAMES
A8: TOTAL BET (COIN IN) | B8: 8023840.4
A9: TOTAL CASHABLE PLAYED | B9: =B8 -> 8023840.4
A10: TOTAL PROMOTIONAL PLAYED | B10: 0
A11: TOTAL NON-CASHABLE PLAYED | B11: 0
A13: TOTAL WON | B13: 7709411.8
A14: TOTAL WINNINGS TO CREDIT | B14: 7607383.8
A15: WINNINGS FROM PAYTABLE (COIN OUT) | B15: =B14 -> 7607383.8
A16: WINNINGS FROM PROGRESSIVES | B16: 0
A17: WINNINGS FROM EXTERNAL BONUSES | B17: 0
A18: TOTAL WINNINGS PAID BY ATTENDANT | B18: 102028
A19: Attendant Paid Paytable Winnings | B19: =+B18 -> 102028
A20: Attedant Paid Progressives | B20: 0
A21: Attendant Paid External Bonuses | B21: 0
B23: 0
A24: Machine Hold % | B24: 0.0392
A25: Machine Yield % | B25: 0.9608
A26: Weighted average TRTP % | B26: 0.9569
B27: 95.56
A28: TOTAL IN | B28: 1939246.1
A29: Physical Coin In | B29: 0
A30: Bill In | B30: 1118490
A31: Cashless in | B31: 820756.05
A32: Cashable Electronic in | B32: =B31 -> 820756.05
A33: KEYED IN | B33: 0
A34: Promotional Electronic In | B34: 0
A35: Non cashable electronic In | B35: 0
A36: Voucher In | B36: 0
A37: Cashable voucher In | B37: 0
A38: Promotional voucher in | B38: 0
A39: Non-cashable Voucher In | B39: 0
A41: TOTAL OUT | B41: 1624817.4
A42: Physical Coin Out | B42: 0
A43: Total Winnings Paid By Attendant | B43: 102028
A44: Cancelled Credits Paid by Attendant | B44: 1090.37
A45: VOUCHER OUT | B45: 0
... A48: CASHLESS OUT | B48: 1521699.1
A49: Cashable Electronic Out | B49: =B48 -> 1521699.1
A50: Promotional Electronic Out | B50: 0
A51: Non-cashable Electronic Out | B51: 0
A53: TOTAL CANCELLED CREDITS | B53: 1522789.4
B54: 0
A55: TOTAL HANDPAY RECEIPT | B55: 0
A56: Cancelled Credits Receipt | B56: 0
A57: Jackpot Receipt | B57: 0
B58: 0
A59: COIN DROP | B59: 0
A60: Extra Coins Out | B60: 0
A61: Hopper Fill | B61: 0
A62: Quantity of Physical Coins In | B62: 0
A63: Quantity of Physical Coins Out | B63: 0
A64: Quantity of Physical Coins In Drop | B64: 0
A66: TOTAL GAMES PLAYED | B66: 4396871
A67: Total GAMES Won | B67: 738177
A68: Total GAMES Lost | B68: 3658694
A69: Main Games Lost | B69: 3658464
A70: Games Lost In Gamble | B70: =B68-B69 -> 230
A72: LADYS CARDS JACKPOT STATISTICS
A73: CLUBS | B73: 0
A74: DIAMONDS | B74: 0
A75: HEARTS | B75: 0
A76: SPADES | B76: 0
A78: TOTAL | B78: =+SUM(B73:B76) -> 0

Sheet 41
A2: Machine Brand | B2: EGT | C2: A
B3: MEGA VISION
A4: 1 Credit = $ | B4: 1
A6: Machine Number | B6: 41
A7: GAME | B7: MULTI GAMES
A8: TOTAL BET (COIN IN) | B8: 17527423
A9: TOTAL CASHABLE PLAYED | B9: =B8 -> 17527423
A10: TOTAL PROMOTIONALPLAYED | B10: 0
A11: TOTAL NONCASHABLE PLAYED | B11: 0
A13: TOTAL WON | B13: 16663023
A14: TOTAL WINNINGS TO CREDIT | B14: 16630061
A15: WINNINGS PAYTABLE(COIN OUT) | B15: =+B14 -> 16630061
A16: WINNINGS FROM PROGRESSIVES | B16: 0
A17: WINNINGS FROM EXTERNAL BONUSES | B17: 0
A18: TOTAL WINNINGS PAID BY ATTENDANT | B18: 32962
A19: Attendant Paid Paytable | B19: =B18 -> 32962
A20: Attedant Paid Progressives | B20: 0
A21: Attendant Paid External Bonuses | B21: 0
B22: 0
A23: TOTAL IN | B23: 4485292.1
A24: Physical Coin In | B24: 0 | E24: =B23=B25+B26 -> TRUE
A25: Bill In | B25: 3199850
A26: Cashless in | B26: 1285442.1
A27: Cashable Electronic in | B27: =B26 -> 1285442.1
A28: KEYED IN | B28: 0
A29: Promotional Electronic In | B29: 0
A30: Non-cashableElectronic in In | B30: 0
A31: VOUCHER IN | B31: 0
A32: Cashable Voucher in | B32: 0
A33: promotional Voucher in | B33: 0
A34: Non-cashable Voucher in | B34: 0
A36: TOTAL OUT | B36: 3620892
A37: Physical Coin Out | B37: 0
A38: Total Winnings Paid By Attendant | B38: 32962
A39: cancelled credits paid by attentant | B39: 2515.53
A41: VOUCHER OUT | B41: 0
... A44: CASHLESS OUT | B44: 3585414.4
A45: Cashable Electronic Out | B45: =B44 -> 3585414.4
A46: Promotional Electronic Out | B46: 0
A47: Non-cashable Electronic Out | B47: 0
A49: TOTAL CANCELLED CREDITS | B49: 3587930
B50: 0
A51: TOTAL HANDPAY RECEIPT | B51: 0
A52: Cancelled Credits Receipt | B52: 0
A53: Jackpot Receipt | B53: 0
A55: COIN DROP | B55: 0
A56: Extra Coins Out | B56: 0
A57: Hopper Fill | B57: 0
A58: Quantity of Physical Coins In | B58: 0
A59: Quantity of Physical Coins Out | B59: 0
A60: Quantity of Physical Coins In Drop | B60: 0
A62: TOTAL GAMES PLAYED | B62: 23105116
A63: Total GAMES Won | B63: 3677192
A64: Total GAMES Lost | B64: 19427924
A65: Main Games Lost | B65: 19382504
A66: Games Lost In Double Up | B66: =+B64-B65 -> 45420

Sheet 112
A2: Machine Brand | B2: EGT | C2: A
B3: MEGA VISION
A4: 1 Credit = $ | B4: 1
A6: Machine Number | B6: 112
A7: GAME | B7: MULTI GAMES
A8: TOTAL BET (COIN IN) | B8: 6219054.3
A9: TOTAL CASHABLE PLAYED | B9: =+B8 -> 6219054.3
A10: TOTAL PROMOTIONAL PLAYED | B10: 0
A11: TOTAL NON-CASHABLE PLAYED | B11: 0
A13: TOTAL WON | B13: 5985294.8
A14: TOTAL WINNINGS TO CREDIT | B14: 5908552.3
A15: WINNINGS FROM PAYTABLE (COIN OUT) | B15: =B14 -> 5908552.3
A16: WINNINGS FROM PROGRESSIVES | B16: 0
A17: WINNINGS FROM EXTERNAL BONUSES | B17: 0
A18: TOTAL WINNINGS PAID BY ATTENDANT | B18: 76742.5
A19: Attendant Paid Paytable Winnings | B19: =+B18 -> 76742.5
A20: Attedant Paid Progressives | B20: 0
A21: Attendant Paid External Bonuses | B21: 0
B23: 0
A24: Machine Hold % | B24: 0.0376
A25: Machine Yield % | B25: 0.9624
A26: Weighted average TRTP % | B26: 0.9567
A28: TOTAL IN | B28: 1531588.3
A29: Physical Coin In | B29: 0
A30: Bill In | B30: 851714
A31: Cashless in | B31: 679874.32
A32: Cashable Electronic in | B32: =B31 -> 679874.32
A33: KEYED IN | B33: 0
A34: Promotional Electronic In | B34: 0
A35: Non cashable electronic In | B35: 0
A36: Voucher In | B36: 0
A37: Cashable voucher In | B37: 0
A38: Promotional voucher in | B38: 0
A39: Non-cashable Voucher In | B39: 0
A41: TOTAL OUT | B41: 1297828.8
A42: Physical Coin Out | B42: 0
A43: Total Winnings Paid By Attendant | B43: 76742.5
A44: Cancelled Credits Paid by Attendant | B44: 547.89
A45: VOUCHER OUT | B45: 0
... A48: CASHLESS OUT | B48: 1220538.4
A49: Cashable Electronic Out | B49: =+B48 -> 1220538.4
A50: Promotional Electronic Out | B50: 0
A51: Non-cashable Electronic Out | B51: 0
A53: TOTAL CANCELLED CREDITS | B53: 1221086.3
B54: 0
A55: TOTAL HANDPAY RECEIPT | B55: 0
A56: Cancelled Credits Receipt | B56: 0
A57: Jackpot Receipt | B57: 0
B58: 0
A59: COIN DROP | B59: 0
A60: Extra Coins Out | B60: 0
A61: Hopper Fill | B61: 0
A62: Quantity of Physical Coins In | B62: 0
A63: Quantity of Physical Coins Out | B63: 0
A64: Quantity of Physical Coins In Drop | B64: 0
A66: TOTAL GAMES PLAYED | B66: 3988624
A67: Total GAMES Won | B67: 681189
A68: Total GAMES Lost | B68: 3307435
A69: Main Games Lost | B69: 3307056
A70: Games Lost In Gamble | B70: =B68-B69 -> 379 | G70: 14646
A72: LADYS CARDS JACKPOT STATISTICS
A73: CLUBS | B73: 0
A74: DIAMONDS | B74: 0
A75: HEARTS | B75: 0
A76: SPADES | B76: 0
A78: TOTAL | B78: =+SUM(B73:B76) -> 0

Sheet 118
A2: Machine Brand | B2: EGT | C2: A
B3: MEGA VISION
A4: 1 Credit = $ | B4: 1
A6: Machine Number | B6: 118
A7: GAME | B7: MULTI GAMES
A8: TOTAL BET (COIN IN) | B8: 5415068
A9: TOTAL CASHABLE PLAYED | B9: =B8 -> 5415068
A10: TOTAL PROMOTIONAL PLAYED | B10: 0
A11: TOTAL NON-CASHABLE PLAYED | B11: 0
A13: TOTAL WON | B13: 5252998.5
A14: TOTAL WINNINGS TO CREDIT | B14: 5121816.5
A15: WINNINGS FROM PAYTABLE (COIN OUT) | B15: =+B14 -> 5121816.5
A16: WINNINGS FROM PROGRESSIVES | B16: 0
A17: WINNINGS FROM EXTERNAL BONUSES | B17: 0
A18: TOTAL WINNINGS PAID BY ATTENDANT | B18: 131182
A19: Attendant Paid Paytable Winnings | B19: =+B18 -> 131182
A20: Attedant Paid Progressives | B20: 0
A21: Attendant Paid External Bonuses | B21: 0
B23: 0
A24: Machine Hold % | B24: 0.03
A25: Machine Yield % | B25: 0.97
A26: Weighted average TRTP % | B26: 0.9567
A28: TOTAL IN | B28: 1314566.8
A29: Physical Coin In | B29: 0
A30: Bill In | B30: 787854
A31: Cashless in | B31: 526712.81
A32: Cashable Electronic in | B32: =+B31 -> 526712.81
A33: KEYED IN | B33: 0
A34: Promotional Electronic In | B34: 0
A35: Non cashable electronic In | B35: 0
A36: Voucher In | B36: 0
A37: Cashable voucher In | B37: 0
A38: Promotional voucher in | B38: 0
A39: Non-cashable Voucher In | B39: 0
A41: TOTAL OUT | B41: 1152497.3
A42: Physical Coin Out | B42: 0
A43: Total Winnings Paid By Attendant | B43: 131182
A44: Cancelled Credits Paid by Attendant | B44: 1121.48
A45: VOUCHER OUT | B45: 0
... A48: CASHLESS OUT | B48: 1020193.8
A49: Cashable Electronic Out | B49: =B48 -> 1020193.8
A50: Promotional Electronic Out | B50: 0
A51: Non-cashable Electronic Out | B51: 0
A53: TOTAL CANCELLED CREDITS | B53: 1021315.3
B54: 0
A55: TOTAL HANDPAY RECEIPT | B55: 0
A56: Cancelled Credits Receipt | B56: 0
A57: Jackpot Receipt | B57: 0
B58: 0
A59: COIN DROP | B59: 0
A60: Extra Coins Out | B60: 0
A61: Hopper Fill | B61: 0
A62: Quantity of Physical Coins In | B62: 0
A63: Quantity of Physical Coins Out | B63: 0
A64: Quantity of Physical Coins In Drop | B64: 0
A66: TOTAL GAMES PLAYED | B66: 3968998
A67: Total GAMES Won | B67: 669319
A68: Total GAMES Lost | B68: 3299679
A69: Main Games Lost | B69: 3299385
A70: Games Lost In Gamble | B70: =B68-B69 -> 294
A72: LADYS CARDS JACKPOT STATISTICS
A73: CLUBS | B73: 0
A74: DIAMONDS | B74: 0
A75: HEARTS | B75: 0
A76: SPADES | B76: 0
A78: TOTAL | B78: =+SUM(B73:B76) -> 0

Sheet 95
I1: AMES WON
A2: Machine Brand | B2: ATRONIC
A4: 1 Credit = $ | B4: 1
A6: Machine Number | B6: 95
A7: GAME | B7: AMAZING AMBER
A8: True In | B8: 206191.71
A9: Pysical Coin In | B9: 0
A10: Bills in | B10: 146458
A11: Total voucher In | B11: 0
A12: Total Cashless Transactions In | B12: 59733.71
A13: Money Wagered | B13: 600383.9
A14: Money Won (incl Bonus Jackpot) | B14: 561183.48
A15: Money Won (incl Bonus JP Bonus) | B15: 563882.44
A16: Money Won (incl Bonus JP Bonus, Jackpot) | B16: =+B15 -> 563882.44
A17: Total Bonus In | B17: 0
A18: True Out | B18: 169690.25
A19: Physical Coin Out | B19: 0
A20: Total voucher Out | B20: 0
A21: Total Cashless Transactions Out | B21: 169686.99
A22: Handpay | B22: 3.26
A23: Handpay (Incl Jackpot) | B23: =B22 -> 3.26 | E23: =+B23-#REF! -> #REF!
A24: Jackpot | B24: 0
A25: Jackpot (Incl Progressive JP, Bonus) | B25: 0
A26: Net Win(Incl Progressive JP) | B26: 36501.46
A27: Net Win (Incl Progressive JP, Bonus) | B27: =B26 -> 36501.46
A28: Total Drop | B28: 146458
A29: Current Payout %(Incl Progressive JP) | B29: 0.9392
A30: Current Payout % (Incl Progressive JP, Bonus) | B30: =+B29 -> 0.9392

Sheet 35
A2: Machine Brand | B2: IGT | C2: A
B3: VIDEO POKER
A4: 1 Credit = $ | B4: 1
B5: ram clear 16/02/2021
A6: Machine Number | B6: 35
A7: GAME | B7: VIDEO POKER
A8: COINS IN | B8: 1562764
A9: PHYSICAL COINS IN | B9: 0
A10: COINS OUT | B10: 1466807
A11: PHYSICAL COINS OUT | B11: 0
A12: CANCELLED CREDITS | B12: 0
A13: JACKPOT | B13: 32000
A14: YEILD | B14: 63957
A15: DROP | B15: 0
A16: TOP WINS | B16: 8
A17: TOTAL WINS | B17: 178647
A18: LOSSES | B18: 225083
A19: GAMES PLAYED | B19: 403730
... A26: RESETS | B26: 48393
B27: 0
A28: CREDIT BET | B28: 1562764
A29: CREDIT WON | B29: 1466807
A30: CREDIT PAID | B30: 0
A31: MECHANICAL METERS
A32: CREDIT IN | B32: 1562764
A33: CREDIT OUT | B33: 1498807
A34: COIN DROP | B34: 0
A35: TOTAL HANDPAYS | B35: 32000
A36: BILL DROP | B36: 0
A37: BONUS METERS
A38: DEDUCTIBLE | B38: 0
A39: NON DEDUCTIBLE | B39: 0
A41: CUMULATIVE EFT DOWNLOADS
A42: PROMOTIONAL CREDITS | B42: 0
A43: CASHABLE CREDITS | B43: 222875
A44: NON CASHABLE CREDITS
A45: CUMULATIVE EFT UPLOADS
A46: UPLOADED CREDITS | B46: 126918
A47: CURRENT EFT METERS
A48: PROMOTIONAL CREDITS | B48: 0
A49: BUFFERED CREDITS | B49: 0
A50: GAMES PLAYED WITH
A51: 1 CREDIT | B51: 64975
A52: 2 CREDIT | B52: 52774
A53: 3 CREDIT | B53: 16420
A54: 4 CREDIT | B54: 3037
A55: 5 CREDIT | B55: 265943
A56: 6 CREDIT | B56: 0
A57: 7 CREDIT | B57: 0
A58: 8 CREDIT | B58: 0
A59: 9 CREDIT | B59: 0
A60: 10 CREDIT | B60: 0

Sheet 113
A2: Machine Brand | B2: EGT | C2: A
B3: MEGA VISION
A4: 1 Credit = $ | B4: 1
A6: Machine Number | B6: 113
A7: GAME | B7: MULTI GAMES
A8: TOTAL BET (COIN IN) | B8: 6847121.4
A9: TOTAL CASHABLE PLAYED | B9: =+B8 -> 6847121.4
A10: TOTAL PROMOTIONAL PLAYED | B10: 0
A11: TOTAL NON-CASHABLE PLAYED | B11: 0
A13: TOTAL WON | B13: 6585498.9
A14: TOTAL WINNINGS TO CREDIT | B14: 6481161.4
A15: WINNINGS FROM PAYTABLE (COIN OUT) | B15: =B14 -> 6481161.4
A16: WINNINGS FROM PROGRESSIVES | B16: 0
A17: WINNINGS FROM EXTERNAL BONUSES | B17: 0
A18: TOTAL WINNINGS PAID BY ATTENDANT | B18: 104337.5
A19: Attendant Paid Paytable Winnings | B19: =+B18 -> 104337.5
A20: Attedant Paid Progressives | B20: 0
A21: Attendant Paid External Bonuses | B21: 0
B23: 0
A24: Machine Hold % | B24: 0.0383
A25: Machine Yield % | B25: 0.9617
A26: Weighted average TRTP % | B26: 0.9567
A28: TOTAL IN | B28: 1873805.6
A29: Physical Coin In | B29: 0
A30: Bill In | B30: 977092
A31: Cashless in | B31: 896713.58
A32: Cashable Electronic in | B32: =+B31 -> 896713.58
A33: KEYED IN | B33: 0
A34: Promotional Electronic In | B34: 0
A35: Non cashable electronic In | B35: 0
A36: Voucher In | B36: 0
A37: Cashable voucher In | B37: 0
A38: Promotional voucher in | B38: 0
A39: Non-cashable Voucher In | B39: 0
A41: TOTAL OUT | B41: 1612183.1
A42: Physical Coin Out | B42: 0
A43: Total Winnings Paid By Attendant | B43: 104337.5
A44: Cancelled Credits Paid by Attendant | B44: 1712.54
A45: VOUCHER OUT | B45: 0
... A48: CASHLESS OUT | B48: 1506133.1
A49: Cashable Electronic Out | B49: =B48 -> 1506133.1
A50: Promotional Electronic Out | B50: 0
A51: Non-cashable Electronic Out | B51: 0
A53: TOTAL CANCELLED CREDITS | B53: 1507845.6
B54: 0
A55: TOTAL HANDPAY RECEIPT | B55: 0
A56: Cancelled Credits Receipt | B56: 0
A57: Jackpot Receipt | B57: 0
B58: 0
A59: COIN DROP | B59: 0
A60: Extra Coins Out | B60: 0
A61: Hopper Fill | B61: 0
A62: Quantity of Physical Coins In | B62: 0
A63: Quantity of Physical Coins Out | B63: 0
A64: Quantity of Physical Coins In Drop | B64: 0
A66: TOTAL GAMES PLAYED | B66: 4519929
A67: Total GAMES Won | B67: 771949
A68: Total GAMES Lost | B68: 3747980
A69: Main Games Lost | B69: 3747738
A70: Games Lost In Gamble | B70: =B68-B69 -> 242
A72: LADYS CARDS JACKPOT STATISTICS
A73: CLUBS | B73: 0
A74: DIAMONDS | B74: 0
A75: HEARTS | B75: 0
A76: SPADES | B76: 0
A78: TOTAL | B78: =+SUM(B73:B76) -> 0

Sheet 27
A2: Machine Brand | B2: IGT | C2: C
A4: 1 Credit = $ | B4: 0.01
A6: Machine Number | B6: 27
A7: GAME | B7: PHARAOS FORTUNE
A8: COINS IN (total played) | B8: 85000551
B9: 0
A10: total won | B10: 79303306
A11: machine paid won | B11: =B10 -> 79303306
A12: coin out (machine paid paytable) | B12: =B11 -> 79303306
A13: MACHINE PAID PROGRESSIVE PAYOUT | B13: 0
A14: MACH PAID EXTERNAL BONUS PAYOUT | B14: 0
A15: ATTENDANT PAID WON | B15: 0
A16: ATTENDANT PAID JACKPOTS | B16: 0
A17: ATT PAID PROGRESSIVE PAYOUT
A18: ATT PAID EXTERNAL BONUS PAYOUT | B18: 0
A20: JACKPOT RESET TO CREDIT | B20: 0
B21: 0
A22: machine hold % | B22: 0.067
A23: machine yield % | B23: 0.9329
A24: base machine hold % | B24: =B22 -> 0.067
A25: base machine yield % | B25: =B23 -> 0.9329
A27: total in | B27: 22538301
A28: physical coin in | B28: 0
A29: bill in | B29: 14848500
A30: CASHLESS IN | B30: 7689801
A31: EFT IN | B31: 0
A32: WAT IN | B32: 7689801
A33: CASHABLE ELEC PROMO IN | B33: 0
A34: NON CASHABLE ELEC PROMO IN | B34: 0
A35: VOUCHER IN | B35: 0
A36: CASHABLE VOUCHER IN | B36: 0
A37: CASHABLE PROMO VOUCHER IN | B37: 0
A39: COUPON PROMO IN(NONCASHABLE) | B39: 0
N40: ×
A41: COIN DROP | B41: 0
A43: Total Out | B43: 16841056
A44: physical coin out | B44: 0
A45: Cashless out | B45: 16790158
A46: WAT out | B46: =B45 -> 16790158
A47: cashable elctronic promo out | B47: 0
A48: voucher out | B48: 0
A49: coupon promo out | B49: 0
A50: attendant Paid won | B50: 0
A51: Attandant paid Cancel credit | B51: 50898
A53: total handpay receipt | B53: 0
A54: cancelled credit receipt | B54: 0
A55: jackpot receipt | B55: 0
T56: T
A57: TOTAL GAMES PLAYED | B57: 887997
A58: TOTAL GAMES WON | B58: 272377
A59: TOTAL GAMES LOST | B59: 615620
A60: TOTAL CASHABLE PROMOTIONAL PLAYED | B60: 0
A61: TOTAL NONCASHABLE PROMOTIONAL PLAYED | B61: 0
A62: QUANTITY OF PHYSICALCOINS IN | B62: 0
A63: QUANTITY OF PHYSICAL COINS OUT | B63: 0
T64: T
A65: HARD METERS
A66: COIN IN | B66: 85000551
A67: COIN OUT | B67: 79303306
A68: COIN DROP | B68: =+B28 -> 0
A69: HANDPAYS | B69: 50898
A70: BILLDROP | B70: 14848500
A71: GAMES PLAYED | B71: 887997
A75: Nom_______________
A77: Sign_______________
A79: Annalyste
A81: Nom_____________
A83: Sign_______________

Sheet 15
A2: Machine Brand | B2: IGT | C2: B
B3: i game
A4: 1 Credit = $ | B4: =0.02 -> 0.02 | C4: $
A6: Machine Number | B6: 15
A7: GAME | B7: CLEOPATRA
A8: TOTAL PLAYED (COINS IN) | B8: 259140885
A9: TOTAL WON | B9: 246822753
A10: COINS WON (COINS OUT) | B10: 243692193
A11: JACKPOT WON | B11: 3130560
A12: MACHINE HOLD | B12: 0.0472
A13: MACHINE YEILD | B13: 0.9524
A15: TOTAL IN ( CREDIT ) | B15: 74657527
A16: COIN IN
A17: COIN IN 2 | B17: 0
A18: BILL IN | B18: 43701000
A19: DEBIT IN | B19: 30956527
A20: KEYED IN | B20: 0
A21: TOTAL OUT CREDIT | B21: 62339395
A22: COIN OUT
A23: DEBIT OUT | B23: 59208835
A24: JACKPOT HANDPAY | B24: 3130560
A25: CANCELLED CREDIT | B25: 0
A27: TOTAL MONEY TO DROP | B27: 43701000
A28: BILL TO DROP | B28: =B27 -> 43701000
A29: COINS TO DROP | B29: 0
A31: HOPPER FILL | B31: 0
A33: TOTAL GAMES PLAYED | B33: 2182270
A34: TOTAL GAME WON | B34: 770830
A35: TOTAL GAMES LOST | B35: 1411440
A37: PHYSICAL COINS IN | B37: 0
A38: PHYSICAL COINS 2 IN | B38: 0
A39: PHYSICAL COINS OUT | B39: 0
A42: BASE MACHINE HOLD | B42: 0.0475
A43: BASE MACHINE YEILD | B43: 0.9524
A45: System total Bonus won | B45: 0
A46: System deductable bonus won | B46: 0
A47: system non deductable bonus won | B47: 0
A48: system wager match bonus won
A49: system deductible mjt won
A50: system non deductible mjt won
A52: system total bonus won

Sheet 12
A2: Machine Brand | B2: IGT | C2: B
B3: i game
A4: 1 Credit = $ | B4: =0.02 -> 0.02 | C4: $
B5: 41519
A6: Machine Number | B6: 12
A7: GAME | B7: RISQUE BUSINESS | T7: 2
A8: TOTAL PLAYED (COINS IN) | B8: 62518685
A9: TOTAL WON | B9: 59552569
A10: COINS WON (COINS OUT) | B10: =B9 -> 59552569
A11: JACKPOT WON | B11: 0 | AB11: 150
A12: MACHINE HOLD | B12: 0.0474
A13: MACHINE YEILD | B13: 0.9525
B14: 0
A15: TOTAL IN ( CREDIT ) | B15: 21055799
A16: COIN IN | B16: 0
A17: COIN IN 2 | B17: 0
A18: BILL IN | B18: 12817000
A19: DEBIT IN | B19: 8238799
A20: KEYED IN | B20: 0
A21: TOTAL OUT CREDIT | B21: 18089549
A22: COIN OUT | B22: 9
A23: DEBIT OUT | B23: 18089540
A24: JACKPOT HANDPAY | B24: 0
A25: CANCELLED CREDIT | B25: 0
A27: TOTAL MONEY TO DROP | B27: 12817000
A28: BILL TO DROP | B28: =B27 -> 12817000
A29: COINS TO DROP | B29: 0
A31: HOPPER FILL | B31: 0
A33: TOTAL GAMES PLAYED | B33: 1504423
A34: TOTAL GAME WON | B34: 380147
A35: TOTAL GAMES LOST | B35: 1124276
A37: PHYSICAL COINS IN | B37: 0
A38: PHYSICAL COINS 2 IN | B38: 0
A39: PHYSICAL COINS OUT | B39: 0
A42: BASE MACHINE HOLD | B42: 0.0474
A43: BASE MACHINE YEILD | B43: 0.9525
A45: System total Bonus won | B45: 0
A46: System deductable bonus won | B46: 0
... A50: system non deductible mjt won | B50: 0
A51: Annalyste
A55: Sign_______________

Sheet 81
A2: Machine Brand | B2: BAUM | C2: A
A4: 1 Credit = $ | B4: 0.01 | G4: 2
A6: Machine Number | B6: 81
A7: GAME | B7: DRACULAS VIII
B8: VALUE (USD) | C8: CREDITS
A9: TOTAL IN | B9: =C9/E9 -> 60 | C9: 6000 | E9: 100
A10: PHYSICAL COINS IN | B10: 0 | C10: 0 | E10: 47170
A11: BILL IN | B11: =C11/E11 -> 60 | C11: =C9 -> 6000 | E11: 100
A12: REMOTE IN | B12: 0 | C12: 0
A13: CASHLESS : IN | B13: 0 | C13: 0
A14: CASHABLE ELECTRONIC IN | B14: 0 | C14: 0
A15: RESTRICTED IN | B15: 0 | C15: 0
A16: NON RESTRICTED PROM. IN | B16: 0 | C16: 0
A17: TICKET & VOUCHER IN | B17: 0 | C17: 0
A18: TOTAL OUT (Total cancelled credits) | B18: =C18/E18 -> 150 | C18: 15000 | E18: 100
A19: PHYSICAL COINS OUT | B19: 0
A20: ATTENDANT PAID CANCELLED CREDITS | B20: =B18 -> 150 | C20: =C18 -> 15000
A21: WINNINGS PAID BY ATTENDANT | B21: 0 | C21: 0
A22: ATTENDANT PAID BONUSES | B22: 0 | C22: 0
A23: CASHLESS : OUT | B23: 0 | C23: 0
A24: CASHABLE ELECTRONIC : OUT | B24: 0 | C24: 0
A25: RESTRICTED : OUT | B25: 0 | C25: 0
A26: NON RESTRICTED PROM. : OUT | B26: 0 | C26: 0
A27: TICKET & VOUCHER OUT | B27: 0 | C27: 0
A28: TOTAL IN - TOTAL OUT : | B28: -90
A29: TOTAL BET (Coin in )
A30: TOTAL WINNING TO CREDITS (Coin out ) | B30: 0 | C30: 16865
A31: GAME WINNING TO CREDITS | C31: 25865
A32: WINNINGS FROM BONUSES | B32: 0 | C32: 25865
A33: MACHINE YIELD (win /bet) | B33: 1.5336
A34: GAMES PLAYED | C34: 417 | E34: 11
B35: COUNT | C35: TOTAL USD | D35: CREDIT
A37: LEGACY EXTERNAL BONUSES | B37: 0 | C37: 0 | D37: 0
A38: LEGACY EXTERNAL DEDUCTIBLE | B38: 0 | C38: 0 | D38: 0
A39: LEGACY EXTERNAL NON-DEDUCTIBLE | B39: 0 | C39: 0 | D39: 0
A40: LEGACY EXTERNAL WAGER M. | B40: 0 | C40: 0 | D40: 0
A41: LEGACY EXTERNEL TO HANDPAY | B41: 0 | C41: 0 | D41: 0
A42: AFT EXTERNAL BONUSES | B42: 0 | C42: 0 | D42: 0
A43: AFT EXTERNAL BONUSES CASHABLE | B43: 0 | C43: 0 | D43: 0
A44: AFT EXTERNAL BONUSES NONRESTRICTED | B44: 0 | C44: 0 | D44: 0
A45: COINS SENT TO BOX | C45: 0 | D45: 0
A47: CASHLESS CASHABLE : IN | B47: 0 | C47: 0 | D47: 0
A48: CASHLESS RESTRICTED : IN | B48: 0 | C48: 0 | D48: 0
A49: CASHLESS NON RESTR. : IN | B49: 0 | C49: 0 | D49: 0
A50: CASHLESS CASHABLE : OUT | B50: 0 | C50: 0 | D50: 0
A51: CASHLESS RESTRICTED : OUT | B51: 0 | C51: 0 | D51: 0
A52: CASHLESS NON RESTR. : OUT | B52: 0 | C52: 0 | D52: 0
A53: TICKET CASHABLE : IN | B53: 0 | C53: 0 | D53: 0
A54: TICKET RESTRICTED : IN | B54: 0 | C54: 0 | D54: 0
A55: TICKET NON RESTR. : IN | B55: 0 | C55: 0 | D55: 0
A56: TICKET CASHABLE : OUT | B56: 0 | C56: 0 | D56: 0
A57: TICKET RESTRICTED : OUT | B57: 0 | C57: 0 | D57: 0
A58: TICKET NON RESTR. : OUT | B58: 0 | C58: 0 | D58: 0
A59: WIN TO TICKET : OUT | B59: 0 | C59: 0 | D59: 0
A63: BILL ACCEPTOR : JCM : EBA , WBA , UBA , ARDAC ELITE (ID003)
A64: CHANNEL | B64: VALUE (USD) | C64: COUNT | D64: CREDIT | E64: TOTAL (USD)
A66: 1 | B66: 1 | C66: 2 | D66: 200 | E66: 2
A67: 2 | B67: 2 | C67: 0 | D67: 0 | E67: 0
A68: 3 | B68: 5 | C68: 2 | D68: 1000 | E68: 10
A69: 4 | B69: 10 | C69: 2 | D69: 2000 | E69: 20
A70: 5 | B70: 20 | C70: 2 | D70: 4000 | E70: 40
A71: 6 | B71: 50 | C71: 2 | D71: 10000 | E71: 100
A72: 7 | B72: 100 | C72: 14 | D72: 140000 | E72: 1400
B73: TOTAL | C73: 24 | D73: 157200 | E73: 1572
A74: COIN ACCEPTOR : NRI - G13 MFT (impulse lengh 100ms)
A75: CHANNEL | B75: VALUE (USD) | C75: COUNT | D75: CREDIT | E75: TOTAL (USD)
A76: 1 | B76: 0 | C76: 0 | D76: 0 | E76: 0
A77: 2 | B77: 0 | C77: 0 | D77: 0 | E77: 0
A78: 3 | B78: 0 | C78: 0 | D78: 0 | E78: 0
A79: 4 | B79: 0 | C79: 0 | D79: 0 | E79: 0
A80: 5 | B80: 0 | C80: 0 | D80: 0 | E80: 0
A81: 6 | B81: 0 | C81: 0 | D81: 0 | E81: 0
B82: TOTAL | C82: 0 | D82: 0 | E82: 0
A84: HOPPERS DETAILS : MK IV
B85: COUNT | C85: VALUE (USD) | D85: COIN VALUE
A86: HOPPER 1 | B86: 0 | C86: 0 | D86: 0
A87: COINS TO HOPPER | B87: 0 | C87: 0
A88: HOPPER OUT | B88: 0 | C88: 0
A89: HOPPER REFILL | B89: 0 | C89: 0
A90: HOPPER DUMP | B90: 0 | C90: 0
A91: HOPPER LEVEL | B91: 0 | C91: 0
A92: HOPPER 2 | D92: 0
A93: COINS TO HOPPER | B93: 0 | C93: 0
A94: HOPPER OUT | B94: 0 | C94: 0
A95: HOPPER REFILL | B95: 0 | C95: 0
A96: HOPPER DUMP | B96: 0 | C96: 0
A97: HOPPER LEVEL | B97: 0 | C97: 0
B101: CREDIT IN | C101: =+B9 -> 60
B103: CREDIT OUT | C103: 465704
B105: BET | C105: 2773361
B107: PLAY | C107: 2055620
B109: WIN | C109: 0
B111: REMOTE | C111: 0
B113: HANDPAY | C113: =C103 -> 465704
B115: BILLS | C115: =C101 -> 60

Sheet 94
I1: AMES WON
A2: Machine Brand | B2: ATRONIC
A4: 1 Credit = $ | B4: 1
A6: Machine Number | B6: 94
A7: GAME | B7: ABSOLUTE AZURE DELUXE
A8: True In | B8: 50722.81 | C8: 6
A9: Pysical Coin In | B9: 0
A10: Bills in | B10: 25646
A11: Total voucher In | B11: 0
A12: Total Cashless Transactions In | B12: 25076.81
A13: Money Wagered | B13: 147287.92
A14: Money Won (incl Bonus Jackpot) | B14: 139870.43
A15: Money Won (incl Bonus JP Bonus) | B15: 173570.98
A16: Money Won (incl Bonus JP Bonus, Jackpot) | B16: =+B15 -> 173570.98
A17: Total Bonus In | B17: 0
A18: True Out | B18: 43305.32
A19: Physical Coin Out | B19: 0
A20: Total voucher Out | B20: 0
A21: Total Cashless Transactions Out | B21: 43305.32
A22: Handpay | B22: 0
A23: Handpay (Incl Jackpot) | B23: 0
A24: Jackpot | B24: 0
A25: Jackpot (Incl Progressive JP, Bonus) | B25: 0
A26: Net Win(Incl Progressive JP) | B26: 7417.49
A27: Net Win (Incl Progressive JP, Bonus) | B27: =B26 -> 7417.49
A28: Total Drop | B28: 25646
A29: Current Payout %(Incl Progressive JP) | B29: 0.9496
A30: Current Payout % (Incl Progressive JP, Bonus) | B30: =B29 -> 0.9496

Sheet 42
A2: Machine Brand | B2: EGT | C2: A
B3: MEGA VISION
A4: 1 Credit = $ | B4: 1
A6: Machine Number | B6: 42
A7: GAME | B7: MULTI GAMES
A8: TOTAL BET (COIN IN) | B8: 19838935
A9: TOTAL CASHABLE PLAYED | B9: =B8 -> 19838935
A10: TOTAL PROMOTIONALPLAYED | B10: 0
A11: TOTAL NONCASHABLE PLAYED | B11: 0
A13: TOTAL WON | B13: 18973932
A14: TOTAL WINNINGS TO CREDIT | B14: 18880081
A15: WINNINGS PAYTABLE(COIN OUT) | B15: =B14 -> 18880081
A16: WINNINGS FROM PROGRESSIVES | B16: 0
A17: WINNINGS FROM EXTERNAL BONUSES | B17: 0
A18: TOTAL WINNINGS PAID BY ATTENDANT | B18: 93850.5
A19: TOTAL WINNINGS PAID BY ATTENDANT | B19: =B18 -> 93850.5
A20: Attedant Paid Progressives | B20: 0
A21: Attendant Paid External Bonuses | B21: 0
A24: TOTAL IN | B24: 5199062.5
A25: Physical Coin In | B25: 0
A26: Bill In | B26: 3713170
A27: Cashless in | B27: 1485892.6
A28: Cashable Electronic in | B28: =B27 -> 1485892.6
A29: KEYED IN | B29: 0
A30: Promotional Electronic In | B30: 0
A31: Non cashable electronic In | B31: 0
A32: Voucher In | B32: 0
A33: Cashable voucher In | B33: 0
A34: Promotional voucher in | B34: 0
A35: Non-cashable Voucher In | B35: 0
A37: TOTAL OUT | B37: 4334058.8
A38: Physical Coin Out | B38: 0
A39: Total Winnings Paid By Attendant | B39: 93850.5
A40: Cancelled Credits Paid by Attendant | B40: 4241.86
A41: VOUCHER OUT | B41: 0
... A44: CASHLESS OUT | B44: 4235966.4
A45: Cashable Electronic Out | B45: =B44 -> 4235966.4
A46: Promotional Electronic Out | B46: 0
A47: Non-cashable Electronic Out | B47: 0
A49: TOTAL CANCELLED CREDITS | B49: 4240208.3
B50: 0
A51: TOTAL HANDPAY RECEIPT | B51: 0
A52: Cancelled Credits Receipt | B52: 0
A53: Jackpot Receipt | B53: 0
B54: 0
A55: COIN DROP | B55: 0
A56: Extra Coins Out | B56: 0
A57: Hopper Fill | B57: 0
A58: Quantity of Physical Coins In | B58: 0
A59: Quantity of Physical Coins Out | B59: 0
A60: Quantity of Physical Coins In Drop | B60: 0
A62: TOTAL GAMES PLAYED | B62: 20634514
A63: Total GAMES Won | B63: 3381840
A64: Total GAMES Lost | B64: 17252674
A65: Main Games Lost | B65: 17205727
A66: Games Lost In Double Up | B66: =B64-B65 -> 46947

Sheet 93
I1: AMES WON
A2: Machine Brand | B2: ATRONIC
A4: 1 Credit = $ | B4: 1
A6: Machine Number | B6: 93
A7: GAME | B7: GAMBLING GREEN DELUXE | E7: 6666
A8: True In | B8: 24746.77
A9: Pysical Coin In | B9: 0
A10: Bills in | B10: 16373
A11: Total voucher In | B11: 0
A12: Total Cashless Transactions In | B12: 8373.77
A13: Money Wagered | B13: 85250.14
A14: Money Won (incl Bonus Jackpot) | B14: 79315.01
A15: Money Won (incl Bonus JP Bonus) | B15: 79475.54
A16: Money Won (incl Bonus JP Bonus, Jackpot) | B16: =+B15 -> 79475.54
A17: Total Bonus In | B17: 0
A18: True Out | B18: 18943.38
A19: Physical Coin Out | B19: 0
A20: Total voucher Out | B20: 0
A21: Total Cashless Transactions Out | B21: 18972.17
A22: Handpay | B22: 0
A23: Handpay (Incl Jackpot) | B23: 0
A24: Jackpot | B24: 0
A25: Jackpot (Incl Progressive JP, Bonus) | B25: 0
A26: Net Win(Incl Progressive JP) | B26: 5774.6
A27: Net Win (Incl Progressive JP, Bonus) | B27: =B26 -> 5774.6
A28: Total Drop | B28: 16373
A29: Current Payout %(Incl Progressive JP) | B29: 0.9222
A30: Current Payout % (Incl Progressive JP, Bonus) | B30: =B29 -> 0.9222

Sheet 82
A2: Machine Brand | B2: BAUM | C2: A
A4: 1 Credit = $ | B4: 0.01 | G4: 2
A6: Machine Number | B6: 82
A7: GAME | B7: DRACULAS VII
B8: 0 | C8: CREDITS
A9: TOTAL IN | B9: =C9/E9 -> 617 | C9: 61700 | E9: 100
A10: PHYSICAL COINS IN | B10: 0 | C10: 0
A11: BILL IN | B11: =C11/E11 -> 617 | C11: =C9 -> 61700 | E11: 100
A12: REMOTE IN | B12: 0 | C12: 0
A13: CASHLESS : IN | B13: 0 | C13: 0
A14: CASHABLE ELECTRONIC IN | B14: 0 | C14: 0
A15: RESTRICTED IN | B15: 0 | C15: 0
A16: NON RESTRICTED PROM. IN | B16: 0 | C16: 0
A17: TICKET & VOUCHER IN | B17: 0 | C17: 0
A18: TOTAL OUT (Total cancelled credits) | B18: =C18/E18 -> 270.1 | C18: 27010 | E18: 100
A19: PHYSICAL COINS OUT | B19: 0 | C19: 0
A20: ATTENDANT PAID CANCELLED CREDITS | B20: =B18 -> 270.1 | C20: =C18 -> 27010
A21: WINNINGS PAID BY ATTENDANT | B21: 0 | C21: 0
A22: ATTENDANT PAID BONUSES | B22: 0 | C22: 0
A23: CASHLESS : OUT | B23: 0 | C23: 0
A24: CASHABLE ELECTRONIC : OUT | B24: 0 | C24: 0
A25: RESTRICTED : OUT | B25: 0 | C25: 0
A26: NON RESTRICTED PROM. : OUT | B26: 0 | C26: 0
A27: TICKET & VOUCHER OUT | C27: 0
A28: TOTAL IN - TOTAL OUT : | B28: 346.9
A29: TOTAL BET (Coin in ) | C29: 186760
A30: TOTAL WINNING TO CREDITS (Coin out ) | B30: 0 | C30: 152070
A31: GAME WINNING TO CREDITS | B31: 0 | C31: 152070
A32: WINNINGS FROM BONUSES | B32: 0 | C32: =C30-C31 -> 0
A33: MACHINE YIELD (win /bet) | B33: 0.8142
A34: GAMES PLAYED | C34: 1666
B35: COUNT | C35: TOTAL USD | D35: CREDIT
A37: LEGACY EXTERNAL BONUSES | B37: 0 | C37: 0 | D37: 0
A38: LEGACY EXTERNAL DEDUCTIBLE | B38: 0 | C38: 0 | D38: 0
A39: LEGACY EXTERNAL NON-DEDUCTIBLE | B39: 0 | C39: 0 | D39: 0
A40: LEGACY EXTERNAL WAGER M. | B40: 0 | C40: 0 | D40: 0
A41: LEGACY EXTERNEL TO HANDPAY | B41: 0 | C41: 0 | D41: 0
A42: AFT EXTERNAL BONUSES | B42: 0 | C42: 0 | D42: 0
A43: AFT EXTERNAL BONUSES CASHABLE | B43: 0 | C43: 0 | D43: 0
A44: AFT EXTERNAL BONUSES NONRESTRICTED | B44: 0 | C44: 0 | D44: 0
A45: COINS SENT TO BOX | C45: 0 | D45: 0
A47: CASHLESS CASHABLE : IN | B47: 0 | C47: 0 | D47: 0
A48: CASHLESS RESTRICTED : IN | B48: 0 | C48: 0 | D48: 0
A49: CASHLESS NON RESTR. : IN | B49: 0 | C49: 0 | D49: 0
A50: CASHLESS CASHABLE : OUT | B50: 0 | C50: 0 | D50: 0
A51: CASHLESS RESTRICTED : OUT | B51: 0 | C51: 0 | D51: 0
A52: CASHLESS NON RESTR. : OUT | B52: 0 | C52: 0 | D52: 0
A53: TICKET CASHABLE : IN | B53: 0 | C53: 0 | D53: 0
A54: TICKET RESTRICTED : IN | B54: 0 | C54: 0 | D54: 0
A55: TICKET NON RESTR. : IN | B55: 0 | C55: 0 | D55: 0
A56: TICKET CASHABLE : OUT | B56: 0 | C56: 0 | D56: 0
A57: TICKET RESTRICTED : OUT | B57: 0 | C57: 0 | D57: 0
A58: TICKET NON RESTR. : OUT | B58: 0 | C58: 0 | D58: 0
A59: WIN TO TICKET : OUT | B59: 0 | C59: 0 | D59: 0
A63: BILL ACCEPTOR : JCM : EBA , WBA , UBA , ARDAC ELITE (ID003)
A64: CHANNEL | B64: VALUE (USD) | C64: COUNT | D64: CREDIT | E64: TOTAL (USD)
A66: 1 | B66: 1 | C66: 2 | D66: 200 | E66: 2
A67: 2 | B67: 2 | C67: 0 | D67: 0 | E67: 0
A68: 3 | B68: 5 | C68: 2 | D68: 1000 | E68: 10
A69: 4 | B69: 10 | C69: 2 | D69: 2000 | E69: 20
A70: 5 | B70: 20 | C70: 2 | D70: 4000 | E70: 40
A71: 6 | B71: 50 | C71: 2 | D71: 10000 | E71: 100
A72: 7 | B72: 100 | C72: 14 | D72: 140000 | E72: 1400
B73: TOTAL | C73: 24 | D73: 157200 | E73: 1572
A74: COIN ACCEPTOR : NRI - G13 MFT (impulse lengh 100ms)
A75: CHANNEL | B75: VALUE (USD) | C75: COUNT | D75: CREDIT | E75: TOTAL (USD)
A76: 1 | B76: 0 | C76: 0 | D76: 0 | E76: 0
A77: 2 | B77: 0 | C77: 0 | D77: 0 | E77: 0
A78: 3 | B78: 0 | C78: 0 | D78: 0 | E78: 0
A79: 4 | B79: 0 | C79: 0 | D79: 0 | E79: 0
A80: 5 | B80: 0 | C80: 0 | D80: 0 | E80: 0
A81: 6 | B81: 0 | C81: 0 | D81: 0 | E81: 0
B82: TOTAL | C82: 0 | D82: 0 | E82: 0
A84: HOPPERS DETAILS : MK IV
B85: COUNT | C85: VALUE (USD) | D85: COIN VALUE
A86: HOPPER 1 | B86: 0 | C86: 0 | D86: 0
A87: COINS TO HOPPER | B87: 0 | C87: 0
A88: HOPPER OUT | B88: 0 | C88: 0
A89: HOPPER REFILL | B89: 0 | C89: 0
A90: HOPPER DUMP | B90: 0 | C90: 0
A91: HOPPER LEVEL | B91: 0 | C91: 0
A92: HOPPER 2 | D92: 0
A93: COINS TO HOPPER | B93: 0 | C93: 0
A94: HOPPER OUT | B94: 0 | C94: 0
A95: HOPPER REFILL | B95: 0 | C95: 0
A96: HOPPER DUMP | B96: 0 | C96: 0
A97: HOPPER LEVEL | B97: 0 | C97: 0
B99: HARD METER COPY
B101: CREDIT IN | C101: =+B9 -> 617
B103: CREDIT OUT | C103: =+B18 -> 270.1
B105: BET | C105: =+C29*0.01 -> 1867.6
B107: PLAY | C107: =+C34 -> 1666
B109: WIN | C109: 0
B111: REMOTE | C111: 0
B113: HANDPAY | C113: =C103 -> 270.1
B115: BILLS | C115: =C101 -> 617

Sheet 61N
J1: AMES WON
A2: Machine Brand | B2: ATRONIC | C2: A
B3: KING KONG
A4: 1 Credit = $ | B4: 1
B5: ram cleared started play 11/08/2021
A6: Machine Number | B6: 61N
A7: GAME | B7: EAGLE PEAKS
A8: Money Wagered | B8: 729.21
A9: Mon,won+prog+Bonus,wo JP; | B9: 881.2
A10: Mon,won+prog+Bonus,w JP; | B10: =B9 -> 881.2
A11: Total Drop | B11: 0
A12: Coin Drop | B12: 0
A13: Hand paid wo JP | B13: 0
A14: Hand paid w JP | B14: 0
A15: Games played | B15: 1129
A16: Games Won | B16: 365
A17: Jackpots Wo prog.and Bonus | B17: 0
A18: Jackpots W prog.and Bonus | B18: 0
A19: Jackpot Hits | B19: 0
A20: Door Opens | B20: 470
A21: Pysical Coin In | B21: 0
A22: Pysical Coin Out | B22: 0
A23: True In | B23: 800.73 | C23: =B23-B41 -> 800.73 | F23: =+B23-B41 -> 800.73
A24: True Out | B24: 952.72
A25: Net Win | B25: -151.99
A26: Cur.payout% with Bonus | B26: 1.2084
A27: Cur.payout% w/o Bonus | B27: =B26 -> 1.2084
A28: Coins Overpaid | B28: 0
A29: Games/Door | B29: 0
A30: Games/Power | B30: 0
A31: Hopper Drawer | B31: 0
A32: Logic Door | B32: 14
A33: Drop Door | B33: 0
A34: Billbox Door | B34: 16
A35: Bill and Drop Door | B35: =B34 -> 16
A36: Billacceptor Stacker | B36: 0
A37: Double Utilisation % | B37: 0
A38: Double Up Wagered | B38: 0
A39: Double Up Won | B39: 0
A40: Double Up Payout % | B40: 0
A41: Total Bills Currency | B41: 0
A42: Total Bills Count | B42: 0
B43: 0
A45: BANK 2
A46: KONG JACKPOT | B46: JACKPOT 1
A47: No of Jackpot Hits | B47: 0
A48: Jackpot cumulative payout | B48: 0
A49: Current Value | B49: 8625.1
A50: Base Value | B50: 8000
A51: Upper Limit | B51: 0
A52: Hidden Value | B52: 0
A53: Hidden Base Value | B53: 0
A54: Hidden Limit | B54: 0
A55: Reset Value | B55: 0
A56: Max JP Payout | B56: 0
A57: Min JP Payout | B57: 0
A59: GRAND JACKPOT | B59: JACKPOT 2
A60: No of Jackpot Hits | B60: 6
A61: Jackpot cumulative payout | B61: 809.9
A62: Current Value | B62: 126.1
A63: Base Value | B63: 120
A64: Upper Limit | B64: 0
A65: Hidden Value | B65: 0
A66: Hidden Base Value | B66: 0
A67: Hidden Limit | B67: 0
A68: Reset Value | B68: 0
A69: Max JP Payout | B69: 191.96
A70: Min JP Payout | B70: 120.56
A72: MAJOR JACKPOT | B72: JACKPOT 3
A73: No of Jackpot Hits | B73: 13
A74: Jackpot cumulative payout | B74: 570.84
A75: Current Value | B75: 47.93
A76: Base Value | B76: 36
A77: Upper Limit | B77: 0
A78: Hidden Value | B78: 0
A79: Hidden Base Value | B79: 0
A80: Hidden Limit | B80: 0
A81: Reset Value | B81: 0
A82: Max JP Payout | B82: 120
A83: Min JP Payout | B83: 36.34
A85: MINOR JACKPOT | B85: JACKPOT 4
A86: No of Jackpot Hits | B86: 35
A87: Jackpot cumulative payout | B87: 308.74
A88: Current Value | B88: 6.01
A89: Base Value | B89: 6
A90: Upper Limit | B90: 0
A91: Hidden Value | B91: 0
A92: Hidden Base Value | B92: 0
A93: Hidden Limit | B93: 0
A94: Reset Value | B94: 0
A95: Max JP Payout | B95: 35.9
A96: Min JP Payout | B96: 6.06

Sheet 60N
J1: AMES WON
A2: Machine Brand | B2: ATRONIC | C2: A
B3: KING KONG
A4: 1 Credit = $ | B4: 1
B5: ram cleared started play 23/02/2023
A6: Machine Number | B6: 60N
A7: GAME | B7: Desert Dancer
A8: Money Wagered | B8: 1016.33
A9: Mon,won+prog+Bonus,wo JP; | B9: 988.17
A10: Mon,won+prog+Bonus,w JP; | B10: =B9 -> 988.17
A11: Total Drop | B11: 0
A12: Coin Drop | B12: 0
A13: Hand paid wo JP | B13: 0
A14: Hand paid w JP | B14: 0
A15: Games played | B15: 3533
A16: Games Won | B16: 978
A17: Jackpots Wo prog.and Bonus | B17: 0
A18: Jackpots W prog.and Bonus | B18: 0
A19: Jackpot Hits | B19: 0
A20: Door Opens | B20: 980
A21: Pysical Coin In | B21: 0
A22: Pysical Coin Out | B22: 0
A23: True In | B23: 904.48 | C23: =B23-B41 -> 904.48 | F23: =+B23-B41 -> 904.48
A24: True Out | B24: 876.32
A25: Net Win | B25: 28.16
A26: Cur.payout% with Bonus | B26: 0.9722
A27: Cur.payout% w/o Bonus | B27: =B26 -> 0.9722
A28: Coins Overpaid | B28: 0
A29: Games/Door | B29: 0
A30: Games/Power | B30: 52
A31: Hopper Drawer | B31: 11
A32: Logic Door | B32: 5
A33: Drop Door | B33: 0
A34: Billbox Door | B34: 34
A35: Bill and Drop Door | B35: 34
A36: Billacceptor Stacker | B36: 3
A37: Double Utilisation % | B37: 0
A38: Double Up Wagered | B38: 0
A39: Double Up Won | B39: 0
... A42: Total Bills Count | B42: 0
B43: 0
A45: BANK 2
A46: KONG JACKPOT | B46: JACKPOT 1
A47: No of Jackpot Hits | B47: 0
A48: Jackpot cumulative payout | B48: 0
A49: Current Value | B49: 8625.1
A50: Base Value | B50: 8000
A51: Upper Limit | B51: 0
A52: Hidden Value | B52: 0
A53: Hidden Base Value | B53: 0
A54: Hidden Limit | B54: 0
A55: Reset Value | B55: 0
A56: Max JP Payout | B56: 0
A57: Min JP Payout | B57: 0
A59: GRAND JACKPOT | B59: JACKPOT 2
A60: No of Jackpot Hits | B60: 6
A61: Jackpot cumulative payout | B61: 809.9
A62: Current Value | B62: 126.1
A63: Base Value | B63: 120
A64: Upper Limit | B64: 0
A65: Hidden Value | B65: 0
A66: Hidden Base Value | B66: 0
A67: Hidden Limit | B67: 0
A68: Reset Value | B68: 0
A69: Max JP Payout | B69: 191.96
A70: Min JP Payout | B70: 120.56
A72: MAJOR JACKPOT | B72: JACKPOT 3
A73: No of Jackpot Hits | B73: 13
A74: Jackpot cumulative payout | B74: 570.84
A75: Current Value | B75: 47.93
A76: Base Value | B76: 36
A77: Upper Limit | B77: 0
A78: Hidden Value | B78: 0
A79: Hidden Base Value | B79: 0
A80: Hidden Limit | B80: 0
A81: Reset Value | B81: 0
A82: Max JP Payout | B82: 120
A83: Min JP Payout | B83: 36.34
A85: MINOR JACKPOT | B85: JACKPOT 4
A86: No of Jackpot Hits | B86: 35
A87: Jackpot cumulative payout | B87: 308.74
A88: Current Value | B88: 6.01
A89: Base Value | B89: 6
A90: Upper Limit | B90: 0
A91: Hidden Value | B91: 0
A92: Hidden Base Value | B92: 0
A93: Hidden Limit | B93: 0
A94: Reset Value | B94: 0
A95: Max JP Payout | B95: 35.9
A96: Min JP Payout | B96: 6.06

Sheet 55N
J1: AMES WON
A2: Machine Brand | B2: ATRONIC | C2: A
B3: KING KONG
A4: 1 Credit = $ | B4: 1
B5: ram cleared started play 11/08/2021
A6: Machine Number | B6: 55N
A7: GAME | B7: PRINCESS OF THE AMAZON
A8: Money Wagered | B8: 254
A9: Mon,won+prog+Bonus,wo JP; | B9: 142.4
A10: Mon,won+prog+Bonus,w JP; | B10: =B9 -> 142.4
A11: Total Drop | B11: =+B10 -> 142.4
A12: Coin Drop | B12: 0
A13: Hand paid wo JP | B13: 0
A14: Hand paid w JP | B14: 0
A15: Games played | B15: 957
A16: Games Won | B16: 244
A17: Jackpots Wo prog.and Bonus | B17: 0
A18: Jackpots W prog.and Bonus | B18: 0
A19: Jackpot Hits | B19: 0
A20: Door Opens | B20: 461
A21: Pysical Coin In | B21: 0
A22: Pysical Coin Out | B22: 0
A23: True In | B23: 413.58 | C23: =B23-B41 -> 413.58 | F23: =+B23-B41 -> 413.58
A24: True Out | B24: 302.02
A25: Net Win | B25: 111.6
A26: Cur.payout% with Bonus | B26: 0.5606
A27: Cur.payout% w/o Bonus | B27: =B26 -> 0.5606
A28: Coins Overpaid | B28: 0
A29: Games/Door | B29: 0
A30: Games/Power | B30: 0
A31: Hopper Drawer | B31: 0
A32: Logic Door | B32: 7
A33: Drop Door | B33: 0
A34: Billbox Door | B34: 207
A35: Bill and Drop Door | B35: 87
A36: Billacceptor Stacker | B36: 294
A37: Double Utilisation % | B37: 0
A38: Double Up Wagered | B38: 0
A39: Double Up Won | B39: 0
... A42: Total Bills Count | B42: 0
B43: 0
A45: BANK 2
A46: KONG JACKPOT | B46: JACKPOT 1
A47: No of Jackpot Hits | B47: 0
A48: Jackpot cumulative payout | B48: 0
A49: Current Value | B49: 8625.1
A50: Base Value | B50: 8000
A51: Upper Limit | B51: 0
A52: Hidden Value | B52: 0
A53: Hidden Base Value | B53: 0
A54: Hidden Limit | B54: 0
A55: Reset Value | B55: 0
A56: Max JP Payout | B56: 0
A57: Min JP Payout | B57: 0
A59: GRAND JACKPOT | B59: JACKPOT 2
A60: No of Jackpot Hits | B60: 6
A61: Jackpot cumulative payout | B61: 809.9
A62: Current Value | B62: 126.1
A63: Base Value | B63: 120
A64: Upper Limit | B64: 0
A65: Hidden Value | B65: 0
A66: Hidden Base Value | B66: 0
A67: Hidden Limit | B67: 0
A68: Reset Value | B68: 0
A69: Max JP Payout | B69: 191.96
A70: Min JP Payout | B70: 120.56
A72: MAJOR JACKPOT | B72: JACKPOT 3
A73: No of Jackpot Hits | B73: 13
A74: Jackpot cumulative payout | B74: 2.4
A75: Current Value | B75: 0.3
A76: Base Value | B76: 0.3
A77: Upper Limit | B77: 0
A78: Hidden Value | B78: 0
A79: Hidden Base Value | B79: 0
A80: Hidden Limit | B80: 0
A81: Reset Value | B81: 0
A82: Max JP Payout | B82: 16
A83: Min JP Payout | B83: 36.34
B84: 0
A85: MINOR JACKPOT | B85: JACKPOT 4
A86: No of Jackpot Hits | B86: 35
A87: Jackpot cumulative payout | B87: 308.74
A88: Current Value | B88: 6.01
A89: Base Value | B89: 6
A90: Upper Limit | B90: 0
A91: Hidden Value | B91: 0
A92: Hidden Base Value | B92: 0
A93: Hidden Limit | B93: 0
A94: Reset Value | B94: 0
A95: Max JP Payout | B95: 35.9
A96: Min JP Payout | B96: 6.06

Sheet 57
J1: AMES WON
A2: Machine Brand | B2: ATRONIC | C2: A
A4: 1 Credit = $ | B4: 1
B5: ram clear 03/11/2020
A6: Machine Number | B6: 57
A7: GAME | B7: FIRE CHIEF
A8: Money Wagered | B8: 1079.78
A9: Mon,won+prog+Bonus,wo JP; | B9: 1008.05
A10: Mon,won+prog+Bonus,w JP; | B10: =B9 -> 1008.05
A11: Total Drop | B11: 0
A12: Coin Drop | B12: 0
A13: Hand paid wo JP | B13: 0
A14: Hand paid w JP | B14: 0
A15: Games played | B15: 1709
A16: Games Won | B16: 512
A17: Jackpots Wo prog.and Bonus | B17: 0
A18: Jackpots W prog.and Bonus | B18: 0
A19: Jackpot Hits | B19: 0
A20: Door Opens | B20: 579
A21: Pysical Coin In | B21: 0
A22: Pysical Coin Out | B22: 0
A23: True In | B23: 1481.57 | C23: =B23-B41 -> 1481.57 | F23: =+B23-B41 -> 1481.57
A24: True Out | B24: 1409.84
A25: Net Win | B25: 71.73
A26: Cur.payout% with Bonus | B26: 0.9335
A27: Cur.payout% w/o Bonus | B27: =B26 -> 0.9335
A28: Coins Overpaid | B28: 0
A29: Games/Door | B29: 0
A30: Games/Power | B30: 0
A31: Hopper Drawer | B31: 0
A32: Logic Door | B32: 2
A33: Drop Door | B33: 1
A34: Billbox Door | B34: 66
A35: Bill and Drop Door | B35: 67
A36: Billacceptor Stacker | B36: 2
A37: Double Utilisation % | B37: 0
A38: Double Up Wagered | B38: 0
A39: Double Up Won | B39: 0
... A42: Total Bills Count | B42: 0

Sheet 58
J1: AMES WON
A2: Machine Brand | B2: ATRONIC | C2: A
A4: 1 Credit = $ | B4: 1
A6: Machine Number | B6: 58
A7: GAME | B7: 1421 VOYAGES OF ZHENGHE
A8: Money Wagered | B8: 8426.18
A9: Mon,won+Bonus,w JP; | B9: 7826.14
A10: Mon,won+prog+Bonus,wo JP; | B10: =B9 -> 7826.14
A11: Mon,won+prog+Bonus,w JP; | B11: =B10 -> 7826.14
A12: Total Drop | B12: 0
A13: Coin Drop | B13: 0
A14: Hand paid wo JP | B14: 0
A15: Hand paid w JP | B15: 0
A16: Games played | B16: 2531
A17: Games Won | B17: 686
A18: Jackpots Wo prog.and Bonus | B18: 0
A19: Jackpots W prog.and Bonus | B19: 0
A20: Jackpot Hits | B20: 0
A21: Door Opens | B21: 556
A22: Pysical Coin In | B22: 0
A23: Pysical Coin Out | B23: 0 | D23: 3
A24: True In | B24: 3139.21 | C24: =B24-B42 -> 3139.21 | F24: =+B24-B42 -> 3139.21
A25: True Out | B25: 2539.17
A26: Net Win | B26: 600.04
A27: Cur.payout% with Bonus | B27: 0.9287
A28: Cur.payout% w/o Bonus | B28: =B27 -> 0.9287
A29: Coins Overpaid | B29: 0
A30: Games/Door | B30: 0
A31: Games/Power | B31: 0
A32: Hopper Drawer | B32: 1
A33: Logic Door | B33: 8
A34: Drop Door | B34: 0
A35: Billbox Door | B35: 1
A36: Bill and Drop Door | B36: =B35 -> 1
A37: Billacceptor Stacker | B37: 11
A38: Double Utilisation % | B38: 0
A39: Double Up Wagered | B39: 0
A40: Double Up Won | B40: 0
A41: Double Up Payout % | B41: 0
A42: Total Bills Currency | B42: =B12 -> 0
A43: Total Bills Count | B43: 0

Sheet 59
J1: AMES WON
A2: Machine Brand | B2: ATRONIC | C2: A
A4: 1 Credit = $ | B4: 1
A6: Machine Number | B6: 59
A7: GAME | B7: ROYAL KEY
A8: Money Wagered | B8: 3424.44
A9: Mon,won+Bonus,w JP; | B9: 2920.62
A10: Mon,won+prog+Bonus,wo JP; | B10: =+B9 -> 2920.62
A11: Mon,won+prog+Bonus,w JP; | B11: =+B9 -> 2920.62
A12: Total Drop | B12: 0
A13: Coin Drop | B13: 0
A14: Hand paid wo JP | B14: 0
A15: Hand paid w JP | B15: 0
A16: Games played | B16: 5271
A17: Games Won | B17: 1703
A18: Jackpots Wo prog.and Bonus | B18: 0
A19: Jackpots W prog.and Bonus | B19: 0
A20: Jackpot Hits | B20: 0
A21: Door Opens | B21: 608
A22: Pysical Coin In | B22: 0
A23: Pysical Coin Out | B23: 0
A24: True In | B24: 3204.92 | C24: =B24-B42 -> 3204.92 | F24: =+B24-B42 -> 3204.92
A25: True Out | B25: 2701.1
A26: Net Win | B26: 503.82
A27: Cur.payout% with Bonus | B27: 0.8528
A28: Cur.payout% w/o Bonus | B28: =B27 -> 0.8528
A29: Coins Overpaid | B29: 0
A30: Games/Door | B30: 0
A31: Games/Power | B31: 152
A32: Hopper Drawer | B32: 0
A33: Logic Door | B33: 2
A34: Drop Door | B34: 0
A35: Billbox Door | B35: 0
A36: Bill and Drop Door | B36: 0
A37: Billacceptor Stacker | B37: 9
A38: Double Utilisation % | B38: 0
A39: Double Up Wagered | B39: 0
A40: Double Up Won | B40: 0
A41: Double Up Payout % | B41: 0
A42: Total Bills Currency | B42: =B12 -> 0
A43: Total Bills Count | B43: 0

Sheet 48N
J1: AMES WON
A2: Machine Brand | B2: ATRONIC | C2: A
B3: KING KONG
A4: 1 Credit = $ | B4: 1
B5: ram cleared started play 11/08/2021
A6: Machine Number | B6: 48
A7: GAME | B7: PRINCESS OF THE AMAZON
A8: Money Wagered | B8: 3248.62
A9: Mon,won+prog+Bonus,wo JP; | B9: 2914.63
A10: Mon,won+prog+Bonus,w JP; | B10: =B9 -> 2914.63
A11: Total Drop | B11: 286
A12: Coin Drop | B12: 0
A13: Hand paid wo JP | B13: 0
A14: Hand paid w JP | B14: 0
A15: Games played | B15: 21849
A16: Games Won | B16: 4901
A17: Jackpots Wo prog.and Bonus | B17: 0
A18: Jackpots W prog.and Bonus | B18: 0
A19: Jackpot Hits | B19: 39
A20: Door Opens | B20: 220
A21: Pysical Coin In | B21: 0
A22: Pysical Coin Out | B22: 0
A23: True In | B23: 2300.14 | C23: =B23-B41 -> 2014.14 | F23: =+B23-B41 -> 2014.14
A24: True Out | B24: 1966.15
A25: Net Win | B25: 541.29
A26: Cur.payout% with Bonus | B26: 0.8333
A27: Cur.payout% w/o Bonus | B27: =B26 -> 0.8333
A28: Coins Overpaid | B28: 0
A29: Games/Door | B29: 0
A30: Games/Power | B30: 2795
A31: Hopper Drawer | B31: 0
A32: Logic Door | B32: 14
A33: Drop Door | B33: 0
A34: Billbox Door | B34: 0
A35: Bill and Drop Door | B35: =B34 -> 0
A36: Billacceptor Stacker | B36: 84
A37: Double Utilisation % | B37: 0
A38: Double Up Wagered | B38: 0
A39: Double Up Won | B39: 0
A40: Double Up Payout % | B40: 0
A41: Total Bills Currency | B41: 286
A42: Total Bills Count | B42: 15
A45: BANK 2
A46: KONG JACKPOT | B46: JACKPOT 1
A47: No of Jackpot Hits | B47: 0
A48: Jackpot cumulative payout | B48: 0
A49: Current Value | B49: 8625.1
A50: Base Value | B50: 8000
A51: Upper Limit | B51: 0
A52: Hidden Value | B52: 0
A53: Hidden Base Value | B53: 0
A54: Hidden Limit | B54: 0
A55: Reset Value | B55: 0
A56: Max JP Payout | B56: 0
A57: Min JP Payout | B57: 0
A59: GRAND JACKPOT | B59: JACKPOT 2
A60: No of Jackpot Hits | B60: 6
A61: Jackpot cumulative payout | B61: 809.9
A62: Current Value | B62: 126.1
A63: Base Value | B63: 120
A64: Upper Limit | B64: 0
A65: Hidden Value | B65: 0
A66: Hidden Base Value | B66: 0
A67: Hidden Limit | B67: 0
A68: Reset Value | B68: 0
A69: Max JP Payout | B69: 191.96
A70: Min JP Payout | B70: 120.56
A72: MAJOR JACKPOT | B72: JACKPOT 3
A73: No of Jackpot Hits | B73: 13
A74: Jackpot cumulative payout | B74: 570.84
A75: Current Value | B75: 47.93
A76: Base Value | B76: 36
A77: Upper Limit | B77: 0
A78: Hidden Value | B78: 0
A79: Hidden Base Value | B79: 0
A80: Hidden Limit | B80: 0
A81: Reset Value | B81: 0
A82: Max JP Payout | B82: 120
A83: Min JP Payout | B83: 36.34
A85: MINOR JACKPOT | B85: JACKPOT 4
A86: No of Jackpot Hits | B86: 35
A87: Jackpot cumulative payout | B87: 308.74
A88: Current Value | B88: 6.01
A89: Base Value | B89: 6
A90: Upper Limit | B90: 0
A91: Hidden Value | B91: 0
A92: Hidden Base Value | B92: 0
A93: Hidden Limit | B93: 0
A94: Reset Value | B94: 0
A95: Max JP Payout | B95: 35.9
A96: Min JP Payout | B96: 6.06

Sheet 50N
J1: AMES WON
A2: Machine Brand | B2: ATRONIC | C2: A
B3: KING KONG
A4: 1 Credit = $ | B4: 1
A6: Machine Number | B6: 50
A7: GAME | B7: PRINCESS OF THE AMAZON
A8: Money Wagered | B8: 64312.98
A9: Mon,won+prog+Bonus,wo JP; | B9: 62353.25 | E9: 13359
A10: Mon,won+prog+Bonus,w JP; | B10: 62353.25
A11: Total Drop | B11: 19031
A12: Coin Drop | B12: 0
A13: Hand paid wo JP | B13: 0
A14: Hand paid w JP | B14: 0
A15: Games played | B15: 87021
A16: Games Won | B16: 22453
A17: Jackpots Wo prog.and Bonus | B17: 0
A18: Jackpots W prog.and Bonus | B18: 0
A19: Jackpot Hits | B19: 201 | F19: 985
A20: Door Opens | B20: 1022
A21: Pysical Coin In | B21: 0
A22: Pysical Coin Out | B22: 0
A23: True In | B23: 51812.64 | C23: =B23-B41 -> 32781.64 | F23: =+B23-B41 -> 32781.64
A24: True Out | B24: 49852.91
A25: Net Win | B25: 7332.51
A26: Cur.payout% with Bonus | B26: 0.8859
A27: Cur.payout% w/o Bonus | B27: =B26 -> 0.8859
A28: Coins Overpaid | B28: 0
A29: Games/Door | B29: 0
A30: Games/Power | B30: 5933
A31: Hopper Drawer | B31: 0
A32: Logic Door | B32: 31
A33: Drop Door | B33: 0
A34: Billbox Door | B34: 472
A35: Bill and Drop Door | B35: =B34 -> 472
A36: Billacceptor Stacker | B36: 282
A37: Double Utilisation % | B37: 0
A38: Double Up Wagered | B38: 0
A39: Double Up Won | B39: 0
A40: Double Up Payout % | B40: 0
A41: Total Bills Currency | B41: 19031
A42: Total Bills Count | B42: 503
A44: BANK 1
A45: KONG JACKPOT | B45: JACKPOT 1
A46: No of Jackpot Hits | B46: 18
A47: Jackpot cumulative payout | B47: 92673.78
A48: Current Value | B48: 4898
A49: Base Value | B49: 4000
A50: Upper Limit | B50: 0
A51: Hidden Value | B51: 0
A52: Hidden Base Value | B52: 0
A53: Hidden Limit | B53: 0
A54: Reset Value | B54: 0
A55: Max JP Payout | B55: 8098.36
A56: Min JP Payout | B56: 4075.75
A58: GRAND JACKPOT | B58: JACKPOT 2
A59: No of Jackpot Hits | B59: 84
A60: Jackpot cumulative payout | B60: 180615.73
A61: Current Value | B61: 60.71
A62: Base Value | B62: 60
A63: Upper Limit | B63: 0
A64: Hidden Value | B64: 0
A65: Hidden Base Value | B65: 0
A66: Hidden Limit | B66: 0
A67: Reset Value | B67: 0
A68: Max JP Payout | B68: 124.57
A69: Min JP Payout | B69: 60
A71: MAJOR JACKPOT | B71: JACKPOT 3
A72: No of Jackpot Hits | B72: 198
A73: Jackpot cumulative payout | B73: 86700.27
A74: Current Value | B74: 24.56
A75: Base Value | B75: 18
A76: Upper Limit | B76: 0
A77: Hidden Value | B77: 0
A78: Hidden Base Value | B78: 0
A79: Hidden Limit | B79: 0
A80: Reset Value | B80: 0
A81: Max JP Payout | B81: 59.97
A82: Min JP Payout | B82: 18
A84: MINOR JACKPOT | B84: JACKPOT 4
A85: No of Jackpot Hits | B85: 67
A86: Jackpot cumulative payout | B86: 40099.15
A87: Current Value | B87: 5.8
A88: Base Value | B88: 3
A89: Upper Limit | B89: 0
A90: Hidden Value | B90: 0
A91: Hidden Base Value | B91: 0
A92: Hidden Limit | B92: 0
A93: Reset Value | B93: 0
A94: Max JP Payout | B94: 18
A95: Min JP Payout | B95: 3

Sheet 49N
J1: AMES WON
A2: Machine Brand | B2: ATRONIC | C2: A
B3: KING KONG
A4: 1 Credit = $ | B4: 1
A6: Machine Number | B6: 49
A7: GAME | B7: PRINCESS OF THE AMAZON
A8: Money Wagered | B8: 91267.12
A9: Mon,won+prog+Bonus,wo JP; | B9: 74861.17 | E9: 13359
A10: Mon,won+prog+Bonus,w JP; | B10: 86195.64
A11: Total Drop | B11: 35339
A12: Coin Drop | B12: 0
A13: Hand paid wo JP | B13: 0
A14: Hand paid w JP | B14: 0
A15: Games played | B15: 195039
A16: Games Won | B16: 48783
A17: Jackpots Wo prog.and Bonus | B17: 0
A18: Jackpots W prog.and Bonus | B18: 0
A19: Jackpot Hits | B19: 434 | F19: 985
A20: Door Opens | B20: 2215
A21: Pysical Coin In | B21: 0
A22: Pysical Coin Out | B22: 0
A23: True In | B23: 62113.88 | C23: =B23-B41 -> 26774.88 | F23: =+B23-B41 -> 26774.88
A24: True Out | B24: 57042.4
A25: Net Win | B25: 16405.95
A26: Cur.payout% with Bonus | B26: 0.8202
A27: Cur.payout% w/o Bonus | B27: =B26 -> 0.8202
A28: Coins Overpaid | B28: 0
A29: Games/Door | B29: 0
A30: Games/Power | B30: 6765
A31: Hopper Drawer | B31: 0
A32: Logic Door | B32: 41
A33: Drop Door | B33: 0
A34: Billbox Door | B34: 707
A35: Bill and Drop Door | B35: =B34 -> 707
A36: Billacceptor Stacker | B36: 656
A37: Double Utilisation % | B37: 0
A38: Double Up Wagered | B38: 0
A39: Double Up Won | B39: 0
A40: Double Up Payout % | B40: 0
A41: Total Bills Currency | B41: 35339
A42: Total Bills Count | B42: 1085
A44: BANK 1
A45: KONG JACKPOT | B45: JACKPOT 1
A46: No of Jackpot Hits | B46: 18
A47: Jackpot cumulative payout | B47: 92673.78
A48: Current Value | B48: 4898
A49: Base Value | B49: 4000
A50: Upper Limit | B50: 0
A51: Hidden Value | B51: 0
A52: Hidden Base Value | B52: 0
A53: Hidden Limit | B53: 0
A54: Reset Value | B54: 0
A55: Max JP Payout | B55: 8098.36
A56: Min JP Payout | B56: 4075.75
A58: GRAND JACKPOT | B58: JACKPOT 2
A59: No of Jackpot Hits | B59: 84
A60: Jackpot cumulative payout | B60: 180615.73
A61: Current Value | B61: 60.71
A62: Base Value | B62: 60
A63: Upper Limit | B63: 0
A64: Hidden Value | B64: 0
A65: Hidden Base Value | B65: 0
A66: Hidden Limit | B66: 0
A67: Reset Value | B67: 0
A68: Max JP Payout | B68: 124.57
A69: Min JP Payout | B69: 60
A71: MAJOR JACKPOT | B71: JACKPOT 3
A72: No of Jackpot Hits | B72: 198
A73: Jackpot cumulative payout | B73: 86700.27
A74: Current Value | B74: 24.56
A75: Base Value | B75: 18
A76: Upper Limit | B76: 0
A77: Hidden Value | B77: 0
A78: Hidden Base Value | B78: 0
A79: Hidden Limit | B79: 0
A80: Reset Value | B80: 0
A81: Max JP Payout | B81: 59.97
A82: Min JP Payout | B82: 18
A84: MINOR JACKPOT | B84: JACKPOT 4
A85: No of Jackpot Hits | B85: 67
A86: Jackpot cumulative payout | B86: 40099.15
A87: Current Value | B87: 5.8
A88: Base Value | B88: 3
A89: Upper Limit | B89: 0
A90: Hidden Value | B90: 0
A91: Hidden Base Value | B91: 0
A92: Hidden Limit | B92: 0
A93: Reset Value | B93: 0
A94: Max JP Payout | B94: 18
A95: Min JP Payout | B95: 3

Sheet 103
J1: AMES WON
A2: Machine Brand | B2: ATRONIC | C2: A
B3: KING KONG
A4: 1 Credit = $ | B4: 1
B5: ram cleared started play 11/08/2021
A6: Machine Number | B6: 103
A7: GAME | B7: PRINCESS OF THE AMAZON
A8: Money Wagered | B8: 15326.74
A9: Mon,won+prog+Bonus,wo JP; | B9: 13279.5
A10: Mon,won+prog+Bonus,w JP; | B10: 13279.5
A11: Total Drop | B11: 5111
A12: Coin Drop | B12: 0
A13: Hand paid wo JP | B13: 0
A14: Hand paid w JP | B14: 0
A15: Games played | B15: 28628
A16: Games Won | B16: 8263
A17: Jackpots Wo prog.and Bonus | B17: 0
A18: Jackpots W prog.and Bonus | B18: 0
A19: Jackpot Hits | B19: 67
... A22: Pysical Coin Out | B22: 0
A23: True In | B23: 9354.67 | C23: =B23-B41 -> 4243.67 | F23: =+B23-B41 -> 4243.67
A24: True Out | B24: 7307.43
A25: Net Win | B25: 3272.9
A26: Cur.payout% with Bonus | B26: 78.64
A27: Cur.payout% w/o Bonus | B27: 78.64
A28: Coins Overpaid | B28: 0
A29: Games/Door | B29: 0
A30: Games/Power | B30: 286
A31: Hopper Drawer | B31: 0
A32: Logic Door | B32: 17
A33: Drop Door | B33: 0
A34: Billbox Door | B34: 213
A35: Bill and Drop Door | B35: =B34 -> 213
A36: Billacceptor Stacker | B36: 172
A37: Double Utilisation % | B37: 0
A38: Double Up Wagered | B38: 0
A39: Double Up Won | B39: 0
A40: Double Up Payout % | B40: 0
A41: Total Bills Currency | B41: 5111
A42: Total Bills Count | B42: 184
B43: 0

Sheet 102
J1: AMES WON
A2: Machine Brand | B2: ATRONIC | C2: A
B3: KING KONG
A4: 1 Credit = $ | B4: 1
B5: ram cleared started play 11/08/2021
A6: Machine Number | B6: 102
A7: GAME | B7: PRINCESS OF THE AMAZON
A8: Money Wagered | B8: 262883.34
A9: Mon,won+prog+Bonus,wo JP; | B9: 241402.82
A10: Mon,won+prog+Bonus,w JP; | B10: 249557.36
A11: Total Drop | B11: 51660
A12: Coin Drop | B12: 0
A13: Hand paid wo JP | B13: 0
A14: Hand paid w JP | B14: 8154.54
A15: Games played | B15: 242545
A16: Games Won | B16: 62445
A17: Jackpots Wo prog.and Bonus | B17: 80.54
A18: Jackpots W prog.and Bonus | B18: 8154.54
A19: Jackpot Hits | B19: 602
... A22: Pysical Coin Out | B22: 0
A23: True In | B23: 103367.12 | C23: =B23-B41 -> 51707.12 | F23: =+B23-B41 -> 51707.12
A24: True Out | B24: 90041.14
A25: Net Win | B25: 45973.82
A26: Cur.payout% with Bonus | B26: 82.51
A27: Cur.payout% w/o Bonus | B27: =B26 -> 82.51
A28: Coins Overpaid | B28: 0
A29: Games/Door | B29: 0
A30: Games/Power | B30: 480
A31: Hopper Drawer | B31: 0
A32: Logic Door | B32: 220
A33: Drop Door | B33: 0
A34: Billbox Door | B34: 12
A35: Bill and Drop Door | B35: 12
A36: Billacceptor Stacker | B36: 539
A37: Double Utilisation % | B37: 0
A38: Double Up Wagered | B38: 1.16
A39: Double Up Won | B39: 0.4
... A42: Total Bills Count | B42: 1467

Sheet 101
J1: AMES WON
A2: Machine Brand | B2: ATRONIC | C2: A
B3: KING KONG
A4: 1 Credit = $ | B4: 1
B5: ram cleared started play 11/08/2021
A6: Machine Number | B6: 101
A7: GAME | B7: PRINCESS OF THE AMAZON
A8: Money Wagered | B8: 120157.84
A9: Mon,won+prog+Bonus,wo JP; | B9: 111148.9
A10: Mon,won+prog+Bonus,w JP; | B10: 121344.36
A11: Total Drop | B11: 29577
A12: Coin Drop | B12: 0
A13: Hand paid wo JP | B13: 0
A14: Hand paid w JP | B14: 10195.46
A15: Games played | B15: 86050
A16: Games Won | B16: 26370
A17: Jackpots Wo prog.and Bonus | B17: 92.4
A18: Jackpots W prog.and Bonus | B18: 10195.46
A19: Jackpot Hits | B19: 245
... A22: Pysical Coin Out | B22: 0
A23: True In | B23: 51684 | C23: =B23-B41 -> 22107 | F23: =+B23-B41 -> 22107
A24: True Out | B24: 52870.52
A25: Net Win | B25: 21332.68
A26: Cur.payout% with Bonus | B26: 0.8224
A27: Cur.payout% w/o Bonus | B27: =B26 -> 0.8224
A28: Coins Overpaid | B28: 0
A29: Games/Door | B29: 0
A30: Games/Power | B30: 402
A31: Hopper Drawer | B31: 0
A32: Logic Door | B32: 7
A33: Drop Door | B33: 0
A34: Billbox Door | B34: 56
A35: Bill and Drop Door | B35: =B34 -> 56
A36: Billacceptor Stacker | B36: 312
A37: Double Utilisation % | B37: 0
A38: Double Up Wagered | B38: 0
A39: Double Up Won | B39: 0
A40: Double Up Payout % | B40: 0
A41: Total Bills Currency | B41: 29577
A42: Total Bills Count | B42: 726
B43: 0
A45: BANK 2
A46: KONG JACKPOT | B46: JACKPOT 1
A47: No of Jackpot Hits | B47: 0
A48: Jackpot cumulative payout | B48: 0
A49: Current Value | B49: 8874.9
A50: Base Value | B50: 8000
A51: Upper Limit | B51: 0
A52: Hidden Value | B52: 0
A53: Hidden Base Value | B53: 0
A54: Hidden Limit | B54: 0
A55: Reset Value | B55: 0
A56: Max JP Payout | B56: 0
A57: Min JP Payout | B57: 0
A59: GRAND JACKPOT | B59: JACKPOT 2
A60: No of Jackpot Hits | B60: 38
A61: Jackpot cumulative payout | B61: 5034.34
A62: Current Value | B62: 121.94
A63: Base Value | B63: 120
A64: Upper Limit | B64: 0
A65: Hidden Value | B65: 0
A66: Hidden Base Value | B66: 0
A67: Hidden Limit | B67: 0
A68: Reset Value | B68: 0
A69: Max JP Payout | B69: 170.6
A70: Min JP Payout | B70: 120.14
A72: MAJOR JACKPOT | B72: JACKPOT 3
A73: No of Jackpot Hits | B73: 73
A74: Jackpot cumulative payout | B74: 3201.4
A75: Current Value | B75: 39.82
A76: Base Value | B76: 36
A77: Upper Limit | B77: 0
A78: Hidden Value | B78: 0
A79: Hidden Base Value | B79: 0
A80: Hidden Limit | B80: 0
A81: Reset Value | B81: 0
A82: Max JP Payout | B82: 74.72
A83: Min JP Payout | B83: 36.06
A85: MINOR JACKPOT | B85: JACKPOT 4
A86: No of Jackpot Hits | B86: 35
A87: Jackpot cumulative payout | B87: 308.74
A88: Current Value | B88: 6.01
A89: Base Value | B89: 6
A90: Upper Limit | B90: 0
A91: Hidden Value | B91: 0
A92: Hidden Base Value | B92: 0
A93: Hidden Limit | B93: 0
A94: Reset Value | B94: 0
A95: Max JP Payout | B95: 35.9
A96: Min JP Payout | B96: 6.06

Sheet 18N
A2: Machine Brand | B2: IGT | C2: C
A4: 1 Credit = $ | B4: 0.01
A6: Machine Number | B6: 18
A7: GAME | B7: PHARAOS FORTUNE
A8: COINS IN (total played) | B8: 574309
A10: total won | B10: 532921
A11: machine paid won | B11: 452571
A12: coin out (machine paid paytable) | B12: 0
A13: MACHINE PAID PROGRESSIVE PAYOUT | B13: 0
A14: MACH PAID EXTERNAL BONUS PAYOUT | B14: 0
A15: ATTENDANT PAID WON | B15: 0
A16: ATTENDANT PAID JACKPOTS | B16: 0
A17: ATT PAID PROGRESSIVE PAYOUT
A18: ATT PAID EXTERNAL BONUS PAYOUT | B18: 0
A20: JACKPOT RESET TO CREDIT | B20: 0
B21: 0
A22: machine hold % | B22: 0.072
A23: machine yield % | B23: 0.9279
A24: base machine hold % | B24: =B22 -> 0.072
A25: base machine yield % | B25: =B23 -> 0.9279
A27: total in | B27: 531005
A28: physical coin in | B28: 0
A29: bill in | B29: 283750
A30: CASHLESS IN | B30: 247255
A31: EFT IN | B31: 0
A32: WAT IN | B32: 0
A33: CASHABLE ELEC PROMO IN | B33: 0
A34: NON CASHABLE ELEC PROMO IN | B34: 0
A35: VOUCHER IN | B35: 0
A36: CASHABLE VOUCHER IN | B36: 0
A37: CASHABLE PROMO VOUCHER IN | B37: 0
A39: COUPON PROMO IN(NONCASHABLE) | B39: 0
N40: ×
A41: COIN DROP | B41: 0
A43: Total Out | B43: 489617
A44: physical coin out | B44: 0
A45: Debit out | B45: 409267
A46: Debit out | B46: 80350
A47: jackpot handpay | B47: 80350
A48: voucher out | B48: 0
A49: coupon promo out | B49: 0
A50: attendant Paid won | B50: 0
A51: Money to drop | B51: 283750
A52: Bills to drop | B52: =B51 -> 283750
A53: total handpay receipt | B53: 0
A54: cancelled credit receipt | B54: 0
A55: jackpot receipt | B55: 0
T56: T
A57: TOTAL GAMES PLAYED | B57: 15690
A58: TOTAL GAMES WON | B58: 4046
A59: TOTAL GAMES LOST | B59: 11644
B60: 0
B61: 0
A62: Base machine hold% | B62: 0.072
A63: Base machine yield% | B63: 0.9279
T64: T
A65: HARD METERS
A66: COIN IN | B66: 0
A67: COIN OUT | B67: 0
A68: COIN DROP | B68: =+B28 -> 0
A69: HANDPAYS | B69: 0
A70: BILLDROP | B70: 0
A71: GAMES PLAYED | B71: 0
A75: Nom_______________
A77: Sign_______________
A79: Annalyste
A81: Nom_____________
A83: Sign_______________

Sheet 26N 
A2: Machine Brand | B2: IGT | C2: B
B3: i game
A4: 1 Credit = $ | B4: =0.02 -> 0.02 | C4: $
A6: Machine Number | B6: 26
A7: GAME | B7: FORTUNE COOKIE
A8: TOTAL PLAYED (COINS IN) | B8: 1418908
A9: TOTAL WON | B9: 1245127
A10: COINS WON (COINS OUT) | B10: =B9 -> 1245127
A11: JACKPOT WON | B11: 0
A12: MACHINE HOLD | B12: 0.1224
A13: MACHINE YEILD | B13: 0.8775
A15: TOTAL IN ( CREDIT ) | B15: 578742
A16: COIN IN | B16: 0
A17: COIN IN 2 | B17: 0
A18: BILL IN | B18: 263000
A19: DEBIT IN | B19: 315742
A20: KEYED IN | B20: 0
A21: cash voucher IN | B21: 0
A22: TOTAL OUT CREDIT | B22: 403455
A23: COIN OUT | B23: 0
... A27: CANCELLED CREDIT | B27: 0
A29: TOTAL MONEY TO DROP | B29: =B18 -> 263000
A30: BILL TO DROP | B30: =B29 -> 263000
A31: COINS TO DROP | B31: 0
A33: HOPPER FILL | B33: 0
A35: TOTAL GAMES PLAYED | B35: 22938
A36: TOTAL GAME WON | B36: 10765
A37: TOTAL GAMES LOST | B37: 12173
A39: PHYSICAL COINS IN | B39: 0
A40: PHYSICAL COINS 2 IN | B40: 0
A41: PHYSICAL COINS OUT | B41: 0
A44: BASE MACHINE HOLD | B44: =B12 -> 0.1224
A45: BASE MACHINE YEILD | B45: =B13 -> 0.8775
A47: Lecture compteurs
A49: Nom_______________
A51: Sign_______________
A53: Annalyste
A55: Nom_____________
A57: Sign_______________

Sheet 34
A2: Machine Brand | B2: IGT | C2: A
B3: VIDEO POKER
A4: 1 Credit = $ | B4: 1
A6: Machine Number | B6: 34
A7: GAME | B7: VIDEO POKER
A8: COINS IN | B8: 2277533
A9: PHYSICAL COINS IN | B9: 0
A10: COINS OUT | B10: 2146068
A11: PHYSICAL COINS OUT | B11: 0
A12: CANCELLED CREDITS | B12: 324
A13: JACKPOT | B13: 64000
A14: YEILD | B14: 67465
A15: DROP | B15: 0
A16: TOP WINS | B16: 16
A17: TOTAL WINS | B17: 235064
A18: LOSSES | B18: 295572
A19: GAMES PLAYED | B19: 530636
... A26: RESETS | B26: 3810
B27: 0
A28: CREDIT BET | B28: 2277533
A29: CREDIT WON | B29: 2146067
A30: CREDIT PAID | B30: 324
A31: MECHANICAL METERS | B31: 0
A32: CREDIT IN | B32: =B28 -> 2277533
A33: CREDIT OUT | B33: 2210067
A34: COIN DROP | B34: 0
A35: TOTAL HANDPAYS | B35: 64324
A36: BILL DROP | B36: 0
A37: BONUS METERS
A38: DEDUCTIBLE | B38: 0
A39: NON DEDUCTIBLE | B39: 0
A41: CUMULATIVE EFT DOWNLOADS
A42: PROMOTIONAL CREDITS | B42: 0
A43: CASHABLE CREDITS | B43: 458712
A44: NON CASHABLE CREDITS | B44: 0
A45: CUMULATIVE EFT UPLOADS
A46: UPLOADED CREDITS | B46: 326923
A47: CURRENT EFT METERS | B47: 0
A48: PROMOTIONAL CREDITS | B48: 0
A49: BUFFERED CREDITS | B49: 0
A50: GAMES PLAYED WITH
A51: 1 CREDIT | B51: 32575
A52: 2 CREDIT | B52: 32975
A53: 3 CREDIT | B53: 9711
A54: 4 CREDIT | B54: 2243
A55: 5 CREDIT | B55: 302815
A56: 6 CREDIT | B56: 0
A57: 7 CREDIT | B57: 0
A58: 8 CREDIT | B58: 0
A59: 9 CREDIT | B59: 0
A60: 10 CREDIT | B60: 0

Sheet 28
A2: Machine Brand | B2: IGT | C2: B
B3: i game
A4: 1 Credit = $ | B4: =0.02 -> 0.02 | C4: $
A6: Machine Number | B6: 28
A7: GAME | B7: FORTUNE COOKIE
A8: TOTAL PLAYED (COINS IN) | B8: 18345801
A9: TOTAL WON | B9: 17448191
A10: COINS WON (COINS OUT) | B10: 17368013
A11: JACKPOT WON | B11: 80178
A12: MACHINE HOLD | B12: 0.0489
A13: MACHINE YEILD | B13: 0.951
A15: TOTAL IN ( CREDIT ) | B15: 7448670
A16: COIN IN | B16: 0
A17: COIN IN 2 | B17: 0
A18: BILL IN | B18: 3958300
A19: DEBIT IN | B19: 3490370
A20: KEYED IN | B20: 0
... A22: TOTAL OUT CREDIT | B22: 6541396
A23: COIN OUT
A24: CASH VOUCHER OUT
A25: DEBIT OUT | B25: 6377433
A26: JACKPOT HANDPAY | B26: 80178
A27: CANCELLED CREDIT | B27: 83785
A29: TOTAL MONEY TO DROP | B29: 3958300
A30: BILL TO DROP | B30: =B29 -> 3958300
A31: COINS TO DROP | B31: 0
A33: HOPPER FILL | B33: 0
A35: TOTAL GAMES PLAYED | B35: 623970
A36: TOTAL GAME WON | B36: 234973
A37: TOTAL GAMES LOST | B37: 388997
A39: PHYSICAL COINS IN | B39: 0
A40: PHYSICAL COINS 2 IN | B40: 0
A41: PHYSICAL COINS OUT | B41: 0
A44: BASE MACHINE HOLD | B44: =B12 -> 0.0489
A45: BASE MACHINE YEILD | B45: =B13 -> 0.951
A47: Lecture compteurs
A49: Nom_______________
A51: Sign_______________
A53: Annalyste
A55: Nom_____________
A57: Sign_______________

Sheet 13N
A2: Machine Brand | B2: IGT | C2: B
B3: i game
A4: 1 Credit = $ | B4: =0.02 -> 0.02 | C4: $
A6: Machine Number | B6: 13
A7: GAME | B7: FORTUNE COOKIE
A8: TOTAL PLAYED (COINS IN) | B8: 231711
A9: TOTAL WON | B9: 227976
A10: COINS WON (COINS OUT) | B10: =B9 -> 227976
A11: JACKPOT WON | B11: 0
A12: MACHINE HOLD | B12: 0.0161
A13: MACHINE YEILD | B13: 0.9838
A15: TOTAL IN ( CREDIT ) | B15: 114125
A16: COIN IN | B16: 0
A17: COIN IN 2 | B17: 0
A18: BILL IN | B18: 52750
A19: DEBIT IN | B19: 61375
A20: KEYED IN | B20: 0
A21: cash voucher IN | B21: 0
A22: TOTAL OUT CREDIT | B22: 110390
A23: COIN OUT | B23: 0
A24: CASH VOUCHER OUT
A25: DEBIT OUT | B25: =B22 -> 110390
A26: JACKPOT HANDPAY | B26: 0
A27: CANCELLED CREDIT | B27: 0
A29: TOTAL MONEY TO DROP | B29: 52750
A30: BILL TO DROP | B30: =B29 -> 52750
A31: COINS TO DROP | B31: 0
A33: HOPPER FILL | B33: 0
A35: TOTAL GAMES PLAYED | B35: 2174
A36: TOTAL GAME WON | B36: 880
A37: TOTAL GAMES LOST | B37: 1294
A39: PHYSICAL COINS IN | B39: 0
A40: PHYSICAL COINS 2 IN | B40: 0
A41: PHYSICAL COINS OUT | B41: 0
A44: BASE MACHINE HOLD | B44: 0.0161
A45: BASE MACHINE YEILD | B45: 0.9838
A47: Lecture compteurs
A49: Nom_______________
A51: Sign_______________
A53: Annalyste
A55: Nom_____________
A57: Sign_______________

Sheet 16N
A2: Machine Brand | B2: IGT | C2: B
B3: i game
A4: 1 Credit = $ | B4: =0.02 -> 0.02 | C4: $
A6: Machine Number | B6: 16
A7: GAME | B7: FORTUNE COOKIE
A8: TOTAL PLAYED (COINS IN) | B8: 3499758
A9: TOTAL WON | B9: 3336618
A10: COINS WON (COINS OUT) | B10: 3197868
A11: JACKPOT WON | B11: 138750
A12: MACHINE HOLD | B12: 0.0466
A13: MACHINE YEILD | B13: 0.9533
A15: TOTAL IN ( CREDIT ) | B15: 2621278
A16: COIN IN | B16: 0
A17: COIN IN 2 | B17: 0
A18: BILL IN | B18: 348750
A19: DEBIT IN | B19: 2272528
A20: KEYED IN | B20: 0
... A23: COIN OUT | B23: 0
A24: CASH VOUCHER OUT
A25: DEBIT OUT | B25: 2319388
A26: JACKPOT HANDPAY | B26: 138750
A27: CANCELLED CREDIT | B27: 0
A29: TOTAL MONEY TO DROP | B29: =B18 -> 348750
A30: BILL TO DROP | B30: =B29 -> 348750
A31: COINS TO DROP | B31: 0
A33: HOPPER FILL | B33: 0
A35: TOTAL GAMES PLAYED | B35: 29051
A36: TOTAL GAME WON | B36: 14631
A37: TOTAL GAMES LOST | B37: 14420
A39: PHYSICAL COINS IN | B39: 0
A40: PHYSICAL COINS 2 IN | B40: 0
A41: PHYSICAL COINS OUT | B41: 0
A44: BASE MACHINE HOLD | B44: =B12 -> 0.0466
A45: BASE MACHINE YEILD | B45: =B13 -> 0.9533
A47: Lecture compteurs
A49: Nom_______________
A51: Sign_______________
A53: Annalyste
A55: Nom_____________
A57: Sign_______________

Sheet 44
A2: Machine Brand | C2: A
B3: hot space 3
A4: 1 Credit = $ | B4: 1
A6: Machine Number | B6: 44
A7: GAME | B7: MULTI GAMES
A8: BET | B8: 2330166.9
A9: WIN | B9: 2149819.7
A10: GAMES PLAYED | B10: 3228120
A11: AVERAGE BET | B11: 0.72
A12: GAMES WON | B12: 416561
A13: GAMES LOST | B13: 2811559
A14: FREE GAMES | B14: 104920
A15: GAMBLE GAMES | B15: 1097
A16: PAY OUT PERCENTAGE | B16: 0.9226
A17: HOLD | B17: 0.0774
A18: SLOT DOOR OPENS | B18: 6712
A19: POWER RESET | B19: 3216
... A26: CASH IN | B26: 807524.11
A27: BILL IN | B27: =B26 -> 807524.11
A28: COIN IN | B28: 0
G29: 0

Sheet 45
A2: Machine Brand | B2: EGT | C2: A
B3: HOT SPACE3
A4: 1 Credit = $ | B4: 1
A6: Machine Number | B6: 45
A7: GAME | B7: MULTI GAMES | G7: 5
A8: BET | B8: 1457485.7
A9: WIN | B9: 1345860.5
A10: GAMES PLAYED | B10: 1943466 | M10: 4
A11: AVERAGE BET | B11: 0.75
A12: GAMES WON | B12: 369308
A13: GAMES LOST | B13: 1574158
A14: FREE GAMES | B14: 112977
A15: GAMBLE GAMES | B15: 1619
A16: PAY OUT PERCENTAGE | B16: 0.9234
A17: HOLD | B17: 0.0766
A18: SLOT DOOR OPENS | B18: 7421
A19: POWER RESET | B19: 4195
A20: OUT | B20: 10371 | E20: IN
A21: IN | B21: 465680 | E21: =B21=B24+B26 -> TRUE
A22: OUT/IN | B22: 0.7603
A23: IN-OUT | B23: 111625.22
A24: KEY IN | B24: 10371
A25: KEY OFF | B25: 354054.78
A26: BILL IN | B26: 455309
A27: CASH IN | B27: =B26 -> 455309

Sheet 83
A2: Machine Brand | B2: BAUM | C2: A
A4: 1 Credit = $ | B4: 0.01 | G4: 2
A6: Machine Number | B6: 83
A7: GAME | B7: DRACULAS VII
B8: 0 | C8: CREDITS
A9: TOTAL IN | B9: =C9/E9 -> 870 | C9: 87000 | E9: 100
A10: PHYSICAL COINS IN | B10: 0 | C10: 0
A11: BILL IN | B11: =C11/E11 -> 870 | C11: =C9 -> 87000 | E11: 100
A12: REMOTE IN | B12: 0 | C12: 0
A13: CASHLESS : IN | B13: 0 | C13: 0
A14: CASHABLE ELECTRONIC IN | B14: 0 | C14: 0
A15: RESTRICTED IN | B15: 0 | C15: 0
A16: NON RESTRICTED PROM. IN | B16: 0 | C16: 0
A17: TICKET & VOUCHER IN | B17: 0 | C17: 0
A18: TOTAL OUT (Total cancelled credits) | B18: =C18/E18 -> 540 | C18: 54000 | E18: 100
A19: PHYSICAL COINS OUT | B19: 0 | C19: 0
A20: ATTENDANT PAID CANCELLED CREDITS | B20: =B18 -> 540 | C20: =+C18 -> 54000
A21: WINNINGS PAID BY ATTENDANT | B21: 0 | C21: 0
A22: ATTENDANT PAID BONUSES | B22: 0 | C22: 0
A23: CASHLESS : OUT | B23: 0 | C23: 0
A24: CASHABLE ELECTRONIC : OUT | B24: 0 | C24: 0
A25: RESTRICTED : OUT | B25: 0 | C25: 0
A26: NON RESTRICTED PROM. : OUT | B26: 0 | C26: 0
A27: TICKET & VOUCHER OUT | C27: 0
A28: TOTAL IN - TOTAL OUT : | B28: 330
A29: TOTAL BET (Coin in ) | C29: 282155
A30: TOTAL WINNING TO CREDITS (Coin out ) | B30: 0 | C30: 249155
A31: GAME WINNING TO CREDITS | B31: 0 | C31: =C30 -> 249155
A32: WINNINGS FROM BONUSES | B32: 0 | C32: 0
A33: MACHINE YIELD (win /bet) | B33: 0.883
A34: GAMES PLAYED | B34: 0 | C34: 4814
B35: COUNT | C35: TOTAL USD | D35: CREDIT
A37: LEGACY EXTERNAL BONUSES | B37: 0 | C37: 0 | D37: 0
A38: LEGACY EXTERNAL DEDUCTIBLE | B38: 0 | C38: 0 | D38: 0
A39: LEGACY EXTERNAL NON-DEDUCTIBLE | B39: 0 | C39: 0 | D39: 0
A40: LEGACY EXTERNAL WAGER M. | B40: 0 | C40: 0 | D40: 0
A41: LEGACY EXTERNEL TO HANDPAY | B41: 0 | C41: 0 | D41: 0
A42: AFT EXTERNAL BONUSES | B42: 0 | C42: 0 | D42: 0
A43: AFT EXTERNAL BONUSES CASHABLE | B43: 0 | C43: 0 | D43: 0
A44: AFT EXTERNAL BONUSES NONRESTRICTED | B44: 0 | C44: 0 | D44: 0
A45: COINS SENT TO BOX | C45: 0 | D45: 0
A47: CASHLESS CASHABLE : IN | B47: 0 | C47: 0 | D47: 0
A48: CASHLESS RESTRICTED : IN | B48: 0 | C48: 0 | D48: 0
A49: CASHLESS NON RESTR. : IN | B49: 0 | C49: 0 | D49: 0
A50: CASHLESS CASHABLE : OUT | B50: 0 | C50: 0 | D50: 0
A51: CASHLESS RESTRICTED : OUT | B51: 0 | C51: 0 | D51: 0
A52: CASHLESS NON RESTR. : OUT | B52: 0 | C52: 0 | D52: 0
A53: TICKET CASHABLE : IN | B53: 0 | C53: 0 | D53: 0
A54: TICKET RESTRICTED : IN | B54: 0 | C54: 0 | D54: 0
A55: TICKET NON RESTR. : IN | B55: 0 | C55: 0 | D55: 0
A56: TICKET CASHABLE : OUT | B56: 0 | C56: 0 | D56: 0
A57: TICKET RESTRICTED : OUT | B57: 0 | C57: 0 | D57: 0
A58: TICKET NON RESTR. : OUT | B58: 0 | C58: 0 | D58: 0
A59: WIN TO TICKET : OUT | B59: 0 | C59: 0 | D59: 0
A63: BILL ACCEPTOR : JCM : EBA , WBA , UBA , ARDAC ELITE (ID003)
A64: CHANNEL | B64: VALUE (USD) | C64: COUNT | D64: CREDIT | E64: TOTAL (USD)
A66: 1 | B66: 1 | C66: 2 | D66: 200 | E66: 2
A67: 2 | B67: 2 | C67: 0 | D67: 0 | E67: 0
A68: 3 | B68: 5 | C68: 2 | D68: 1000 | E68: 10
A69: 4 | B69: 10 | C69: 2 | D69: 2000 | E69: 20
A70: 5 | B70: 20 | C70: 2 | D70: 4000 | E70: 40
A71: 6 | B71: 50 | C71: 2 | D71: 10000 | E71: 100
A72: 7 | B72: 100 | C72: 14 | D72: 140000 | E72: 1400
B73: TOTAL | C73: 24 | D73: 157200 | E73: 1572
A74: COIN ACCEPTOR : NRI - G13 MFT (impulse lengh 100ms)
A75: CHANNEL | B75: VALUE (USD) | C75: COUNT | D75: CREDIT | E75: TOTAL (USD)
A76: 1 | B76: 0 | C76: 0 | D76: 0 | E76: 0
A77: 2 | B77: 0 | C77: 0 | D77: 0 | E77: 0
A78: 3 | B78: 0 | C78: 0 | D78: 0 | E78: 0
A79: 4 | B79: 0 | C79: 0 | D79: 0 | E79: 0
A80: 5 | B80: 0 | C80: 0 | D80: 0 | E80: 0
A81: 6 | B81: 0 | C81: 0 | D81: 0 | E81: 0
B82: TOTAL | C82: 0 | D82: 0 | E82: 0
A84: HOPPERS DETAILS : MK IV
B85: COUNT | C85: VALUE (USD) | D85: COIN VALUE
A86: HOPPER 1 | B86: 0 | C86: 0 | D86: 0
A87: COINS TO HOPPER | B87: 0 | C87: 0
A88: HOPPER OUT | B88: 0 | C88: 0
A89: HOPPER REFILL | B89: 0 | C89: 0
A90: HOPPER DUMP | B90: 0 | C90: 0
A91: HOPPER LEVEL | B91: 0 | C91: 0
A92: HOPPER 2 | D92: 0
A93: COINS TO HOPPER | B93: 0 | C93: 0
A94: HOPPER OUT | B94: 0 | C94: 0
A95: HOPPER REFILL | B95: 0 | C95: 0
A96: HOPPER DUMP | B96: 0 | C96: 0
A97: HOPPER LEVEL | B97: 0 | C97: 0
B99: HARD METER COPY
B101: CREDIT IN | C101: =+B9 -> 870
B103: CREDIT OUT | C103: =+B18 -> 540
B105: BET | C105: =+C29*0.01 -> 2821.55
B107: PLAY | C107: =+C34 -> 4814
B109: WIN | C109: 0
B111: REMOTE | C111: 0
B113: HANDPAY | C113: =C103 -> 540
B115: BILLS | C115: =C101 -> 870

Sheet 47
J1: AMES WON
A2: Machine Brand | B2: EGT | C2: A
B3: MEGA VISION
A4: 1 Credit = $ | B4: 1
A6: Machine Number | B6: 47
A7: GAME | B7: MULTI GAMES
A8: BET | B8: 2429959.9
A9: WIN | B9: 2243640.2
A10: GAMES PLAYED | B10: 4222182
A11: AVERAGE BET | B11: 0.58
A12: GAMES WON | B12: 588593
A13: GAMES LOST | B13: 3633589
A14: FREE GAMES | B14: 58275
A15: GAMBLE GAMES | B15: 894
A16: PAY OUT PERCENTAGE | B16: 0.9233
A17: HOLD | B17: 0.0767
A18: SLOT DOOR OPENS | B18: 6084
A19: POWER RESET | B19: 3181
A20: OUT | B20: 613981.31 | K20: 22
A21: IN | B21: 800301
A22: OUT/IN | B22: 0.7672
A23: IN-OUT | B23: 186319.69
A24: KEY IN | B24: 18796 | J24: 22
A25: KEY OFF | B25: 613981.31
A26: CASH IN | B26: 781505
A27: BILL in | B27: =B26 -> 781505
A28: COIN IN | B28: 0

Sheet 78
A2: Machine Brand | B2: BAUM | C2: A
A4: 1 Credit = $ | B4: 0.01 | G4: 2
A6: Machine Number | B6: 78
A7: GAME | B7: DRACULAS VI
B8: VALUE (USD) | C8: CREDITS
A9: TOTAL IN | B9: =+C9/E9 -> 300 | C9: 30000 | E9: 100
A10: PHYSICAL COINS IN | B10: 0 | C10: 0
A11: BILL IN | B11: =C11/E11 -> 300 | C11: =C9 -> 30000 | E11: 100
A12: REMOTE IN | B12: 0 | C12: 0
A13: CASHLESS : IN | B13: 0 | C13: 0 | D13: 44
A14: CASHABLE ELECTRONIC IN | B14: 0 | C14: 0
A15: RESTRICTED IN | B15: 0 | C15: 0
A16: NON RESTRICTED PROM. IN | B16: 0 | C16: 0
A17: TICKET & VOUCHER IN | B17: 0 | C17: 0
A18: TOTAL OUT (Total cancelled credits) | B18: 0 | C18: 0 | E18: 100
A19: PHYSICAL COINS OUT | B19: 0 | C19: 0
A20: ATTENDANT PAID CANCELLED CREDITS | B20: =B18 -> 0 | C20: 0
A21: WINNINGS PAID BY ATTENDANT | B21: 0 | C21: 0
A22: ATTENDANT PAID BONUSES | B22: 0 | C22: 0
A23: CASHLESS : OUT | B23: 0 | C23: 0
A24: CASHABLE ELECTRONIC : OUT | B24: 0 | C24: 0
A25: RESTRICTED : OUT | B25: 0 | C25: 0
A26: NON RESTRICTED PROM. : OUT | B26: 0 | C26: 0
A27: TICKET & VOUCHER OUT | B27: 0 | C27: 0
A28: TOTAL IN - TOTAL OUT : | B28: 300
A29: TOTAL BET (Coin in ) | C29: 84650
A30: TOTAL WINNING TO CREDITS (Coin out ) | B30: 0 | C30: 54650
A31: GAME WINNING TO CREDITS | B31: 0 | C31: =C30 -> 54650
A32: WINNINGS FROM BONUSES | B32: 0 | C32: 0
A33: MACHINE YIELD (win /bet) | B33: 0.6455
A34: GAMES PLAYED | C34: 231
B35: COUNT | C35: TOTAL USD | D35: CREDIT
A37: LEGACY EXTERNAL BONUSES | B37: 0 | C37: 0 | D37: 0
A38: LEGACY EXTERNAL DEDUCTIBLE | B38: 0 | C38: 0 | D38: 0
A39: LEGACY EXTERNAL NON-DEDUCTIBLE | B39: 0 | C39: 0 | D39: 0
A40: LEGACY EXTERNAL WAGER M. | B40: 0 | C40: 0 | D40: 0
A41: LEGACY EXTERNEL TO HANDPAY | B41: 0 | C41: 0 | D41: 0
A42: AFT EXTERNAL BONUSES | B42: 0 | C42: 0 | D42: 0
A43: AFT EXTERNAL BONUSES CASHABLE | B43: 0 | C43: 0 | D43: 0
A44: AFT EXTERNAL BONUSES NONRESTRICTED | B44: 0 | C44: 0 | D44: 0
A45: COINS SENT TO BOX | C45: 0 | D45: 0
A47: CASHLESS CASHABLE : IN | B47: 0 | C47: 0 | D47: 0
A48: CASHLESS RESTRICTED : IN | B48: 0 | C48: 0 | D48: 0
A49: CASHLESS NON RESTR. : IN | B49: 0 | C49: 0 | D49: 0
A50: CASHLESS CASHABLE : OUT | B50: 0 | C50: 0 | D50: 0
A51: CASHLESS RESTRICTED : OUT | B51: 0 | C51: 0 | D51: 0
A52: CASHLESS NON RESTR. : OUT | B52: 0 | C52: 0 | D52: 0
A53: TICKET CASHABLE : IN | B53: 0 | C53: 0 | D53: 0
A54: TICKET RESTRICTED : IN | B54: 0 | C54: 0 | D54: 0
A55: TICKET NON RESTR. : IN | B55: 0 | C55: 0 | D55: 0
A56: TICKET CASHABLE : OUT | B56: 0 | C56: 0 | D56: 0
A57: TICKET RESTRICTED : OUT | B57: 0 | C57: 0 | D57: 0
A58: TICKET NON RESTR. : OUT | B58: 0 | C58: 0 | D58: 0
A59: WIN TO TICKET : OUT | B59: 0 | C59: 0 | D59: 0
A63: BILL ACCEPTOR : JCM : EBA , WBA , UBA , ARDAC ELITE (ID003)
A64: CHANNEL | B64: VALUE (USD) | C64: COUNT | D64: CREDIT | E64: TOTAL (USD)
A66: 1 | B66: 1 | C66: 2 | D66: 200 | E66: 2
A67: 2 | B67: 2 | C67: 0 | D67: 0 | E67: 0
A68: 3 | B68: 5 | C68: 2 | D68: 1000 | E68: 10
A69: 4 | B69: 10 | C69: 2 | D69: 2000 | E69: 20
A70: 5 | B70: 20 | C70: 2 | D70: 4000 | E70: 40
A71: 6 | B71: 50 | C71: 2 | D71: 10000 | E71: 100
A72: 7 | B72: 100 | C72: 14 | D72: 140000 | E72: 1400
B73: TOTAL | C73: 24 | D73: 157200 | E73: 1572
A74: COIN ACCEPTOR : NRI - G13 MFT (impulse lengh 100ms)
A75: CHANNEL | B75: VALUE (USD) | C75: COUNT | D75: CREDIT | E75: TOTAL (USD)
A76: 1 | B76: 0 | C76: 0 | D76: 0 | E76: 0
A77: 2 | B77: 0 | C77: 0 | D77: 0 | E77: 0
A78: 3 | B78: 0 | C78: 0 | D78: 0 | E78: 0
A79: 4 | B79: 0 | C79: 0 | D79: 0 | E79: 0
A80: 5 | B80: 0 | C80: 0 | D80: 0 | E80: 0
A81: 6 | B81: 0 | C81: 0 | D81: 0 | E81: 0
B82: TOTAL | C82: 0 | D82: 0 | E82: 0
A84: HOPPERS DETAILS : MK IV
B85: COUNT | C85: VALUE (USD) | D85: COIN VALUE
A86: HOPPER 1 | B86: 0 | C86: 0 | D86: 0
A87: COINS TO HOPPER | B87: 0 | C87: 0
A88: HOPPER OUT | B88: 0 | C88: 0
A89: HOPPER REFILL | B89: 0 | C89: 0
A90: HOPPER DUMP | B90: 0 | C90: 0
A91: HOPPER LEVEL | B91: 0 | C91: 0
A92: HOPPER 2 | D92: 0
A93: COINS TO HOPPER | B93: 0 | C93: 0
A94: HOPPER OUT | B94: 0 | C94: 0
A95: HOPPER REFILL | B95: 0 | C95: 0
A96: HOPPER DUMP | B96: 0 | C96: 0
A97: HOPPER LEVEL | B97: 0 | C97: 0
B99: HARD METER COPY
B101: CREDIT IN | C101: =+B9 -> 300
B103: CREDIT OUT | C103: =+B18 -> 0
B105: BET | C105: =+C29*0.01 -> 846.5
B107: PLAY | C107: =+C34 -> 231
B109: WIN | C109: 0
B111: REMOTE | C111: 0
B113: HANDPAY | C113: =C103 -> 0
B115: BILLS | C115: =C101 -> 300

Sheet 80
A2: Machine Brand | B2: BAUM | C2: A
A4: 1 Credit = $ | B4: 0.01 | G4: 2
A6: Machine Number | B6: 80
A7: GAME | B7: DRACULAS VIII
B8: VALUE (USD)
A9: TOTAL IN | B9: =C9/E9 -> 10 | C9: 1000 | E9: 100
A10: PHYSICAL COINS IN | B10: 0 | C10: 0
A11: BILL IN | B11: =C11/E11 -> 10 | C11: =+C9 -> 1000 | E11: 100
A12: REMOTE IN | B12: 0 | C12: 0
A13: CASHLESS : IN | B13: 0 | C13: 0
A14: CASHABLE ELECTRONIC IN | B14: 0 | C14: 0
A15: RESTRICTED IN | B15: 0 | C15: 0
A16: NON RESTRICTED PROM. IN | B16: 0 | C16: 0
A17: TICKET & VOUCHER IN | B17: 0 | C17: 0
A18: TOTAL OUT (Total cancelled credits) | B18: =C18/E18 -> 0 | C18: 0 | E18: 100
A19: PHYSICAL COINS OUT | B19: 0 | C19: 0
A20: ATTENDANT PAID CANCELLED CREDITS | B20: =B18 -> 0 | C20: =C18 -> 0
A21: WINNINGS PAID BY ATTENDANT | B21: 0 | C21: 0
A22: ATTENDANT PAID BONUSES | B22: 0 | C22: 0
A23: CASHLESS : OUT | B23: 0 | C23: 0
A24: CASHABLE ELECTRONIC : OUT | B24: 0 | C24: 0
A25: RESTRICTED : OUT | B25: 0 | C25: 0
A26: NON RESTRICTED PROM. : OUT | B26: 0 | C26: 0
A27: TICKET & VOUCHER OUT | B27: 0 | C27: 0
A28: TOTAL IN - TOTAL OUT : | B28: 10
A29: TOTAL BET (Coin in ) | C29: 1380
A30: TOTAL WINNING TO CREDITS (Coin out ) | B30: 0 | C30: 380
A31: GAME WINNING TO CREDITS | B31: 0 | C31: =+C30 -> 380
A32: WINNINGS FROM BONUSES | B32: 0
A33: MACHINE YIELD (win /bet) | B33: 0.2753
A34: GAMES PLAYED | B34: 0 | C34: 40
B35: COUNT | C35: TOTAL USD | D35: CREDIT
A37: LEGACY EXTERNAL BONUSES | B37: 0 | C37: 0 | D37: 0
A38: LEGACY EXTERNAL DEDUCTIBLE | B38: 0 | C38: 0 | D38: 0
A39: LEGACY EXTERNAL NON-DEDUCTIBLE | B39: 0 | C39: 0 | D39: 0
A40: LEGACY EXTERNAL WAGER M. | B40: 0 | C40: 0 | D40: 0
A41: LEGACY EXTERNEL TO HANDPAY | B41: 0 | C41: 0 | D41: 0
A42: AFT EXTERNAL BONUSES | B42: 0 | C42: 0 | D42: 0
A43: AFT EXTERNAL BONUSES CASHABLE | B43: 0 | C43: 0 | D43: 0
A44: AFT EXTERNAL BONUSES NONRESTRICTED | B44: 0 | C44: 0 | D44: 0
A45: COINS SENT TO BOX | C45: 0 | D45: 0
A47: CASHLESS CASHABLE : IN | B47: 0 | C47: 0 | D47: 0
A48: CASHLESS RESTRICTED : IN | B48: 0 | C48: 0 | D48: 0
A49: CASHLESS NON RESTR. : IN | B49: 0 | C49: 0 | D49: 0
A50: CASHLESS CASHABLE : OUT | B50: 0 | C50: 0 | D50: 0
A51: CASHLESS RESTRICTED : OUT | B51: 0 | C51: 0 | D51: 0
A52: CASHLESS NON RESTR. : OUT | B52: 0 | C52: 0 | D52: 0
A53: TICKET CASHABLE : IN | B53: 0 | C53: 0 | D53: 0
A54: TICKET RESTRICTED : IN | B54: 0 | C54: 0 | D54: 0
A55: TICKET NON RESTR. : IN | B55: 0 | C55: 0 | D55: 0
A56: TICKET CASHABLE : OUT | B56: 0 | C56: 0 | D56: 0
A57: TICKET RESTRICTED : OUT | B57: 0 | C57: 0 | D57: 0
A58: TICKET NON RESTR. : OUT | B58: 0 | C58: 0 | D58: 0
A59: WIN TO TICKET : OUT | B59: 0 | C59: 0 | D59: 0
A63: BILL ACCEPTOR : JCM : EBA , WBA , UBA , ARDAC ELITE (ID003)
A64: CHANNEL | B64: VALUE (USD) | C64: COUNT | D64: CREDIT | E64: TOTAL (USD)
A66: 1 | B66: 1 | C66: 2 | D66: 200 | E66: 2
A67: 2 | B67: 2 | C67: 0 | D67: 0 | E67: 0
A68: 3 | B68: 5 | C68: 2 | D68: 1000 | E68: 10
A69: 4 | B69: 10 | C69: 2 | D69: 2000 | E69: 20
A70: 5 | B70: 20 | C70: 2 | D70: 4000 | E70: 40
A71: 6 | B71: 50 | C71: 2 | D71: 10000 | E71: 100
A72: 7 | B72: 100 | C72: 14 | D72: 140000 | E72: 1400
B73: TOTAL | C73: 24 | D73: 157200 | E73: 1572
A74: COIN ACCEPTOR : NRI - G13 MFT (impulse lengh 100ms)
A75: CHANNEL | B75: VALUE (USD) | C75: COUNT | D75: CREDIT | E75: TOTAL (USD)
A76: 1 | B76: 0 | C76: 0 | D76: 0 | E76: 0
A77: 2 | B77: 0 | C77: 0 | D77: 0 | E77: 0
A78: 3 | B78: 0 | C78: 0 | D78: 0 | E78: 0
A79: 4 | B79: 0 | C79: 0 | D79: 0 | E79: 0
A80: 5 | B80: 0 | C80: 0 | D80: 0 | E80: 0
A81: 6 | B81: 0 | C81: 0 | D81: 0 | E81: 0
B82: TOTAL | C82: 0 | D82: 0 | E82: 0
A84: HOPPERS DETAILS : MK IV
B85: COUNT | C85: VALUE (USD) | D85: COIN VALUE
A86: HOPPER 1 | B86: 0 | C86: 0 | D86: 0
A87: COINS TO HOPPER | B87: 0 | C87: 0
A88: HOPPER OUT | B88: 0 | C88: 0
A89: HOPPER REFILL | B89: 0 | C89: 0
A90: HOPPER DUMP | B90: 0 | C90: 0
A91: HOPPER LEVEL | B91: 0 | C91: 0
A92: HOPPER 2 | D92: 0
A93: COINS TO HOPPER | B93: 0 | C93: 0
A94: HOPPER OUT | B94: 0 | C94: 0
A95: HOPPER REFILL | B95: 0 | C95: 0
A96: HOPPER DUMP | B96: 0 | C96: 0
A97: HOPPER LEVEL | B97: 0 | C97: 0
B99: HARD METER COPY
B101: CREDIT IN | C101: =+B9 -> 10
B103: CREDIT OUT | C103: =+B18 -> 0
B105: BET | C105: =+C29*0.01 -> 13.8
B107: PLAY | C107: =+C34 -> 40
B109: WIN | C109: 0
B111: REMOTE | C111: 0
B113: HANDPAY | C113: =C103 -> 0
B115: BILLS | C115: =C101 -> 10

Sheet 76
A2: Machine Brand | B2: BAUM | C2: A
A3: 1 Credit = $ | B3: 0.01
A4: Machine Number | B4: 76
A5: GAME | B5: DRACULAS VI
B6: VALUE (USD) | C6: CREDITS
A7: TOTAL IN | B7: =C7/E7 -> 360 | C7: 36000 | E7: 100
A8: PHYSICAL COINS IN | B8: 0 | C8: 0
A9: BILL IN | B9: =C9/E9 -> 360 | C9: =+C7 -> 36000 | E9: 100
A10: REMOTE IN | B10: 0 | C10: 0
A11: CASHLESS : IN | B11: 0 | C11: 0
A12: CASHABLE ELECTRONIC IN | B12: 0 | C12: 0
A13: RESTRICTED IN | B13: 0 | C13: 0 | D13: 5
A14: NON RESTRICTED PROM. IN | B14: 0 | C14: 0
A15: TICKET & VOUCHER IN | B15: 0 | C15: 0
A16: TOTAL OUT (Total cancelled credits) | B16: =C16/E16 -> 240.06 | C16: 24006 | E16: 100
A17: PHYSICAL COINS OUT | B17: 0 | C17: 0
A18: ATTENDANT PAID CANCELLED CREDITS | B18: =B16 -> 240.06 | C18: =C16 -> 24006
A19: WINNINGS PAID BY ATTENDANT | B19: 0 | C19: 0
A20: ATTENDANT PAID BONUSES | B20: 0 | C20: 0
A21: CASHLESS : OUT | B21: 0 | C21: 0
A22: CASHABLE ELECTRONIC : OUT | B22: 0 | C22: 0
A23: RESTRICTED : OUT | B23: 0 | C23: 0
A24: NON RESTRICTED PROM. : OUT | B24: 0 | C24: 0
A25: TICKET & VOUCHER OUT | B25: 0 | C25: 0
A26: TOTAL IN - TOTAL OUT : | B26: 119.94
A27: TOTAL BET (Coin in ) | B27: 0 | C27: 138500
A28: TOTAL WINNING TO CREDITS (Coin out ) | B28: 0 | C28: 126506
A29: GAME WINNING TO CREDITS | B29: 0 | C29: =C28 -> 126506
A30: WINNINGS FROM BONUSES | B30: 0 | C30: 0
A31: MACHINE YIELD (win /bet) | B31: 0.9134
A32: GAMES PLAYED | C32: 3779
B33: COUNT | C33: TOTAL USD | D33: CREDIT
A35: LEGACY EXTERNAL BONUSES | B35: 0 | C35: 0 | D35: 0
A36: LEGACY EXTERNAL DEDUCTIBLE | B36: 0 | C36: 0 | D36: 0
A37: LEGACY EXTERNAL NON-DEDUCTIBLE | B37: 0 | C37: 0 | D37: 0
A38: LEGACY EXTERNAL WAGER M. | B38: 0 | C38: 0 | D38: 0
A39: LEGACY EXTERNEL TO HANDPAY | B39: 0 | C39: 0 | D39: 0
A40: AFT EXTERNAL BONUSES | B40: 0 | C40: 0 | D40: 0
A41: AFT EXTERNAL BONUSES CASHABLE | B41: 0 | C41: 0 | D41: 0
A42: AFT EXTERNAL BONUSES NONRESTRICTED | B42: 0 | C42: 0 | D42: 0
A43: COINS SENT TO BOX | C43: 0 | D43: 0
A45: CASHLESS CASHABLE : IN | B45: 0 | C45: 0 | D45: 0
A46: CASHLESS RESTRICTED : IN | B46: 0 | C46: 0 | D46: 0
A47: CASHLESS NON RESTR. : IN | B47: 0 | C47: 0 | D47: 0
A48: CASHLESS CASHABLE : OUT | B48: 0 | C48: 0 | D48: 0
A49: CASHLESS RESTRICTED : OUT | B49: 0 | C49: 0 | D49: 0
A50: CASHLESS NON RESTR. : OUT | B50: 0 | C50: 0 | D50: 0
A51: TICKET CASHABLE : IN | B51: 0 | C51: 0 | D51: 0
A52: TICKET RESTRICTED : IN | B52: 0 | C52: 0 | D52: 0
A53: TICKET NON RESTR. : IN | B53: 0 | C53: 0 | D53: 0
A54: TICKET CASHABLE : OUT | B54: 0 | C54: 0 | D54: 0
A55: TICKET RESTRICTED : OUT | B55: 0 | C55: 0 | D55: 0
A56: TICKET NON RESTR. : OUT | B56: 0 | C56: 0 | D56: 0
A57: WIN TO TICKET : OUT | B57: 0 | C57: 0 | D57: 0
A61: BILL ACCEPTOR : JCM : EBA , WBA , UBA , ARDAC ELITE (ID003)
A62: CHANNEL | B62: VALUE (USD) | C62: COUNT | D62: CREDIT | E62: TOTAL (USD)
A64: 1 | B64: 1 | C64: 2 | D64: 200 | E64: 2
A65: 2 | B65: 2 | C65: 0 | D65: 0 | E65: 0
A66: 3 | B66: 5 | C66: 2 | D66: 1000 | E66: 10
A67: 4 | B67: 10 | C67: 2 | D67: 2000 | E67: 20
A68: 5 | B68: 20 | C68: 2 | D68: 4000 | E68: 40
A69: 6 | B69: 50 | C69: 2 | D69: 10000 | E69: 100
A70: 7 | B70: 100 | C70: 14 | D70: 140000 | E70: 1400
B71: TOTAL | C71: 24 | D71: 157200 | E71: 1572
A72: COIN ACCEPTOR : NRI - G13 MFT (impulse lengh 100ms)
A73: CHANNEL | B73: VALUE (USD) | C73: COUNT | D73: CREDIT | E73: TOTAL (USD)
A74: 1 | B74: 0 | C74: 0 | D74: 0 | E74: 0
A75: 2 | B75: 0 | C75: 0 | D75: 0 | E75: 0
A76: 3 | B76: 0 | C76: 0 | D76: 0 | E76: 0
A77: 4 | B77: 0 | C77: 0 | D77: 0 | E77: 0
A78: 5 | B78: 0 | C78: 0 | D78: 0 | E78: 0
A79: 6 | B79: 0 | C79: 0 | D79: 0 | E79: 0
B80: TOTAL | C80: 0 | D80: 0 | E80: 0
A82: HOPPERS DETAILS : MK IV
B83: COUNT | C83: VALUE (USD) | D83: COIN VALUE
A84: HOPPER 1 | B84: 0 | C84: 0 | D84: 0
A85: COINS TO HOPPER | B85: 0 | C85: 0
A86: HOPPER OUT | B86: 0 | C86: 0
A87: HOPPER REFILL | B87: 0 | C87: 0
A88: HOPPER DUMP | B88: 0 | C88: 0
A89: HOPPER LEVEL | B89: 0 | C89: 0
A90: HOPPER 2 | D90: 0
A91: COINS TO HOPPER | B91: 0 | C91: 0
A92: HOPPER OUT | B92: 0 | C92: 0
A93: HOPPER REFILL | B93: 0 | C93: 0
A94: HOPPER DUMP | B94: 0 | C94: 0
A95: HOPPER LEVEL | B95: 0 | C95: 0
B97: HARD METER COPY
B99: CREDIT IN | C99: =+B7 -> 360
B101: CREDIT OUT | C101: =+B16 -> 240.06
B103: BET | C103: =+C27*0.01 -> 1385
B105: PLAY | C105: =+C32 -> 3779
B107: WIN | C107: 0
B109: REMOTE | C109: 0
B111: HANDPAY | C111: =C101 -> 240.06
B113: BILLS | C113: =C99 -> 360

Sheet 79
A2: Machine Brand | B2: BAUM | C2: A
A4: 1 Credit = $ | B4: 0.01
A6: Machine Number | B6: 79
A7: GAME | B7: DRACULAS VII
B8: VALUE (USD) | C8: CREDITS
A9: TOTAL IN | B9: =C9/E9 -> 60 | C9: 6000 | E9: 100
A10: PHYSICAL COINS IN | B10: 0 | C10: 0
A11: BILL IN | B11: =C11/E11 -> 60 | C11: =C9 -> 6000 | E11: 100
A12: REMOTE IN | B12: 0 | C12: 0
A13: CASHLESS : IN | B13: 0 | C13: 0
A14: CASHABLE ELECTRONIC IN | B14: 0 | C14: 0
A15: RESTRICTED IN | B15: 0 | C15: 0
A16: NON RESTRICTED PROM. IN | B16: 0 | C16: 0
A17: TICKET & VOUCHER IN | B17: 0 | C17: 0
A18: TOTAL OUT (Total cancelled credits) | B18: =C18/E18 -> 30.05 | C18: 3005 | E18: 100 | G18: =C9=C11+C12 -> TRUE
A19: PHYSICAL COINS OUT | B19: 0 | C19: 0
A20: ATTENDANT PAID CANCELLED CREDITS | B20: =B18 -> 30.05 | C20: =C18 -> 3005
A21: WINNINGS PAID BY ATTENDANT | B21: 0 | C21: 0
A22: ATTENDANT PAID BONUSES | B22: 0 | C22: 0
A23: CASHLESS : OUT | B23: 0 | C23: 0
A24: CASHABLE ELECTRONIC : OUT | B24: 0 | C24: 0
A25: RESTRICTED : OUT | B25: 0 | C25: 0
A26: NON RESTRICTED PROM. : OUT | B26: 0 | C26: 0
A27: TICKET & VOUCHER OUT | B27: 0 | C27: 0 | G27: =C18=C20 -> TRUE
A28: TOTAL IN - TOTAL OUT : | B28: 29.95 | C28: 0
A29: TOTAL BET (Coin in ) | C29: 17740
A30: TOTAL WINNING TO CREDITS (Coin out ) | B30: 0 | C30: 14745
A31: GAME WINNING TO CREDITS | B31: 0 | C31: =C30 -> 14745
A32: WINNINGS FROM BONUSES | B32: 0 | C32: 0
A33: MACHINE YIELD (win /bet) | B33: 0.8311
A34: GAMES PLAYED | B34: 0 | C34: 885
B35: COUNT | C35: TOTAL USD | D35: CREDIT
A37: LEGACY EXTERNAL BONUSES | B37: 0 | C37: 0 | D37: 0
A38: LEGACY EXTERNAL DEDUCTIBLE | B38: 0 | C38: 0 | D38: 0
A39: LEGACY EXTERNAL NON-DEDUCTIBLE | B39: 0 | C39: 0 | D39: 0
A40: LEGACY EXTERNAL WAGER M. | B40: 0 | C40: 0 | D40: 0
A41: LEGACY EXTERNEL TO HANDPAY | B41: 0 | C41: 0 | D41: 0
A42: AFT EXTERNAL BONUSES | B42: 0 | C42: 0 | D42: 0
A43: AFT EXTERNAL BONUSES CASHABLE | B43: 0 | C43: 0 | D43: 0
A44: AFT EXTERNAL BONUSES NONRESTRICTED | B44: 0 | C44: 0 | D44: 0
A45: COINS SENT TO BOX | C45: 0 | D45: 0
A47: CASHLESS CASHABLE : IN | B47: 0 | C47: 0 | D47: 0
A48: CASHLESS RESTRICTED : IN | B48: 0 | C48: 0 | D48: 0
A49: CASHLESS NON RESTR. : IN | B49: 0 | C49: 0 | D49: 0
A50: CASHLESS CASHABLE : OUT | B50: 0 | C50: 0 | D50: 0
A51: CASHLESS RESTRICTED : OUT | B51: 0 | C51: 0 | D51: 0
A52: CASHLESS NON RESTR. : OUT | B52: 0 | C52: 0 | D52: 0
A53: TICKET CASHABLE : IN | B53: 0 | C53: 0 | D53: 0
A54: TICKET RESTRICTED : IN | B54: 0 | C54: 0 | D54: 0
A55: TICKET NON RESTR. : IN | B55: 0 | C55: 0 | D55: 0
A56: TICKET CASHABLE : OUT | B56: 0 | C56: 0 | D56: 0
A57: TICKET RESTRICTED : OUT | B57: 0 | C57: 0 | D57: 0
A58: TICKET NON RESTR. : OUT | B58: 0 | C58: 0 | D58: 0
A59: WIN TO TICKET : OUT | B59: 0 | C59: 0 | D59: 0
A63: BILL ACCEPTOR : JCM : EBA , WBA , UBA , ARDAC ELITE (ID003)
A64: CHANNEL | B64: VALUE (USD) | C64: COUNT | D64: CREDIT | E64: TOTAL (USD)
A66: 1 | B66: 1 | C66: 2 | D66: 200 | E66: 2
A67: 2 | B67: 2 | C67: 0 | D67: 0 | E67: 0
A68: 3 | B68: 5 | C68: 2 | D68: 1000 | E68: 10
A69: 4 | B69: 10 | C69: 2 | D69: 2000 | E69: 20
A70: 5 | B70: 20 | C70: 2 | D70: 4000 | E70: 40
A71: 6 | B71: 50 | C71: 2 | D71: 10000 | E71: 100
A72: 7 | B72: 100 | C72: 14 | D72: 140000 | E72: 1400
B73: TOTAL | C73: 24 | D73: 157200 | E73: 1572
A74: COIN ACCEPTOR : NRI - G13 MFT (impulse lengh 100ms)
A75: CHANNEL | B75: VALUE (USD) | C75: COUNT | D75: CREDIT | E75: TOTAL (USD)
A76: 1 | B76: 0 | C76: 0 | D76: 0 | E76: 0
A77: 2 | B77: 0 | C77: 0 | D77: 0 | E77: 0
A78: 3 | B78: 0 | C78: 0 | D78: 0 | E78: 0
A79: 4 | B79: 0 | C79: 0 | D79: 0 | E79: 0
A80: 5 | B80: 0 | C80: 0 | D80: 0 | E80: 0
A81: 6 | B81: 0 | C81: 0 | D81: 0 | E81: 0
B82: TOTAL | C82: 0 | D82: 0 | E82: 0
A84: HOPPERS DETAILS : MK IV
B85: COUNT | C85: VALUE (USD) | D85: COIN VALUE
A86: HOPPER 1 | B86: 0 | C86: 0 | D86: 0
A87: COINS TO HOPPER | B87: 0 | C87: 0
A88: HOPPER OUT | B88: 0 | C88: 0
A89: HOPPER REFILL | B89: 0 | C89: 0
A90: HOPPER DUMP | B90: 0 | C90: 0
A91: HOPPER LEVEL | B91: 0 | C91: 0
A92: HOPPER 2 | D92: 0
A93: COINS TO HOPPER | B93: 0 | C93: 0
A94: HOPPER OUT | B94: 0 | C94: 0
A95: HOPPER REFILL | B95: 0 | C95: 0
A96: HOPPER DUMP | B96: 0 | C96: 0
A97: HOPPER LEVEL | B97: 0 | C97: 0
B99: HARD METER COPY
B101: CREDIT IN | C101: =+B9 -> 60
B103: CREDIT OUT | C103: =+B18 -> 30.05
B105: BET | C105: =+C29*0.01 -> 177.4
B107: PLAY | C107: =+C34 -> 885
B109: WIN | C109: 0
B111: REMOTE | C111: 0
B113: HANDPAY | C113: =C103 -> 30.05
B115: BILLS | C115: =C101 -> 60
A119: CHANNEL

Sheet 114
A2: Machine Brand | B2: EGT | C2: A
B3: MEGA VISION
A4: 1 Credit = $ | B4: 1
A6: Machine Number | B6: 114
A7: GAME | B7: MULTI GAMES
A8: TOTAL BET (COIN IN) | B8: 4952057.5
A9: TOTAL CASHABLE PLAYED | B9: =B8 -> 4952057.5
A10: TOTAL PROMOTIONAL PLAYED | B10: 0
A11: TOTAL NON-CASHABLE PLAYED | B11: 0
A13: TOTAL WON | B13: 4706171.3
A14: TOTAL WINNINGS TO CREDIT | B14: 4675947.3
A15: WINNINGS FROM PAYTABLE (COIN OUT) | B15: =B14 -> 4675947.3
A16: WINNINGS FROM PROGRESSIVES | B16: 0
A17: WINNINGS FROM EXTERNAL BONUSES | B17: 0
A18: TOTAL WINNINGS PAID BY ATTENDANT | B18: 30224
A19: Attendant Paid Paytable Winnings | B19: =+B18 -> 30224
A20: Attedant Paid Progressives | B20: 0
A21: Attendant Paid External Bonuses | B21: 0
B23: 0
A24: Machine Hold % | B24: 0.0497
A25: Machine Yield % | B25: 0.9503
A26: Weighted average TRTP % | B26: 0.957
A28: TOTAL IN | B28: 1108884.2
A29: Physical Coin In | B29: 0
A30: Bill In | B30: 761401
A31: Cashless in | B31: 347483.23
A32: Cashable Electronic in | B32: =B31 -> 347483.23
A33: KEYED IN | B33: 0
A34: Promotional Electronic In | B34: 0
A35: Non cashable electronic In | B35: 0
A36: Voucher In | B36: 0
A37: Cashable voucher In | B37: 0
A38: Promotional voucher in | B38: 0
A39: Non-cashable Voucher In | B39: 0
A41: TOTAL OUT | B41: 862998.02
A42: Physical Coin Out | B42: 0
A43: Total Winnings Paid By Attendant | B43: 30224
A44: Cancelled Credits Paid by Attendant | B44: 107.98
A45: VOUCHER OUT | B45: 0
... A48: CASHLESS OUT | B48: 832666.04
A49: Cashable Electronic Out | B49: =B48 -> 832666.04
A50: Promotional Electronic Out | B50: 0
A51: Non-cashable Electronic Out | B51: 0
A53: TOTAL CANCELLED CREDITS | B53: 832774.02
B54: 0
A55: TOTAL HANDPAY RECEIPT | B55: 0
A56: Cancelled Credits Receipt | B56: 0
A57: Jackpot Receipt | B57: 0
B58: 0
A59: COIN DROP | B59: 0
A60: Extra Coins Out | B60: 0
A61: Hopper Fill | B61: 0
A62: Quantity of Physical Coins In | B62: 0
A63: Quantity of Physical Coins Out | B63: 0
A64: Quantity of Physical Coins In Drop | B64: 0
A66: TOTAL GAMES PLAYED | B66: 3958790
A67: Total GAMES Won | B67: 647513
A68: Total GAMES Lost | B68: 3311277
A69: Main Games Lost | B69: 3311086
A70: Games Lost In Gamble | B70: =+B68-B69 -> 191
A72: LADYS CARDS JACKPOT STATISTICS
A73: CLUBS | B73: 0
A74: DIAMONDS | B74: 0
A75: HEARTS | B75: 0
A76: SPADES | B76: 0
A78: TOTAL | B78: =+SUM(B73:B76) -> 0

Sheet 119
A2: Machine Brand | B2: EGT | C2: A
B3: MEGA VISION
A4: 1 Credit = $ | B4: 1
A6: Machine Number | B6: 119
A7: GAME | B7: MULTI GAMES
A8: TOTAL BET (COIN IN) | B8: 4047293.5
A9: TOTAL CASHABLE PLAYED | B9: =B8 -> 4047293.5
A10: TOTAL PROMOTIONAL PLAYED | B10: 0
A11: TOTAL NON-CASHABLE PLAYED | B11: 0
A13: TOTAL WON | B13: 3888867.4
A14: TOTAL WINNINGS TO CREDIT | B14: 3782037.4
A15: WINNINGS FROM PAYTABLE (COIN OUT) | B15: =B14 -> 3782037.4
A16: WINNINGS FROM PROGRESSIVES | B16: 0
A17: WINNINGS FROM EXTERNAL BONUSES | B17: 0
A18: TOTAL WINNINGS PAID BY ATTENDANT | B18: 106830
A19: Attendant Paid Paytable Winnings | B19: =B18 -> 106830
A20: Attedant Paid Progressives | B20: 0
A21: Attendant Paid External Bonuses | B21: 0
B23: 0
A24: Machine Hold % | B24: 0.0392
A25: Machine Yield % | B25: 0.9608
A26: Weighted average TRTP % | B26: 0.9566
A28: TOTAL IN | B28: 942388.09
A29: Physical Coin In | B29: 0
A30: Bill In | B30: 583315
A31: Cashless in | B31: 359073.09
A32: Cashable Electronic in | B32: =+B31 -> 359073.09
A33: KEYED IN | B33: 0
A34: Promotional Electronic In | B34: 0
A35: Non cashable electronic In | B35: 0
A36: Voucher In | B36: 0
A37: Cashable voucher In | B37: 0
A38: Promotional voucher in | B38: 0
A39: Non-cashable Voucher In | B39: 0
B40: 0
A41: TOTAL OUT | B41: 783961.99
A42: Physical Coin Out | B42: 0
A43: Total Winnings Paid By Attendant | B43: 106830
A44: Cancelled Credits Paid by Attendant | B44: 10.26
A45: VOUCHER OUT | B45: 0
A46: Cashable Voucher Out | B46: 0
A47: non-cashable Voucher Out | B47: 0
A48: CASHLESS OUT | B48: 677121.73
A49: Cashable Electronic Out | B49: =+B48 -> 677121.73
A50: Promotional Electronic Out | B50: 0
A51: Non-cashable Electronic Out | B51: 0
A53: TOTAL CANCELLED CREDITS | B53: 677131.99
B54: 0
A55: TOTAL HANDPAY RECEIPT | B55: 0
A56: Cancelled Credits Receipt | B56: 0
A57: Jackpot Receipt | B57: 0
B58: 0
A59: COIN DROP | B59: 0
A60: Extra Coins Out | B60: 0
A61: Hopper Fill | B61: 0
A62: Quantity of Physical Coins In | B62: 0
A63: Quantity of Physical Coins Out | B63: 0
A64: Quantity of Physical Coins In Drop | B64: 0
A66: TOTAL GAMES PLAYED | B66: 4131075
A67: Total GAMES Won | B67: 658178
A68: Total GAMES Lost | B68: 3472897
A69: Main Games Lost | B69: 3472722
A70: Games Lost In Gamble | B70: =B68-B69 -> 175
A72: LADYS CARDS JACKPOT STATISTICS
A73: CLUBS | B73: 0
A74: DIAMONDS | B74: 0
A75: HEARTS | B75: 0
A76: SPADES | B76: 0
A78: TOTAL | B78: =+SUM(B73:B76) -> 0

Sheet 120
A2: Machine Brand | B2: EGT | C2: A
B3: MEGA VISION
A4: 1 Credit = $ | B4: 1
A6: Machine Number | B6: 120
A7: GAME | B7: MULTI GAMES
A8: TOTAL BET (COIN IN) | B8: 4530329.8
A9: TOTAL CASHABLE PLAYED | B9: =B8 -> 4530329.8
A10: TOTAL PROMOTIONAL PLAYED | B10: 0
A11: TOTAL NON-CASHABLE PLAYED | B11: 0
A13: TOTAL WON | B13: 4347075.1
A14: TOTAL WINNINGS TO CREDIT | B14: 4289524.1
A15: WINNINGS FROM PAYTABLE (COIN OUT) | B15: =B14 -> 4289524.1
A16: WINNINGS FROM PROGRESSIVES | B16: 0
A17: WINNINGS FROM EXTERNAL BONUSES | B17: 0
A18: TOTAL WINNINGS PAID BY ATTENDANT | B18: 57551
A19: Attendant Paid Paytable Winnings | B19: =B18 -> 57551
A20: Attedant Paid Progressives | B20: 0
A21: Attendant Paid External Bonuses | B21: 0
B23: 0
A24: Machine Hold % | B24: 0.0405
A25: Machine Yield % | B25: 0.9595
A26: Weighted average TRTP % | B26: 0.957
A28: TOTAL IN | B28: 1078710.1
A29: Physical Coin In | B29: 0
A30: Bill In | B30: 687432
A31: Cashless in | B31: 391278.05
A32: Cashable Electronic in | B32: =+B31 -> 391278.05
A33: KEYED IN | B33: 0
A34: Promotional Electronic In | B34: 0
A35: Non cashable electronic In | B35: 0
A36: Voucher In | B36: 0
A37: Cashable voucher In | B37: 0
A38: Promotional voucher in | B38: 0
A39: Non-cashable Voucher In | B39: 0
A41: TOTAL OUT | B41: 895455.36
A42: Physical Coin Out | B42: 0
A43: Total Winnings Paid By Attendant | B43: 57551
A44: Cancelled Credits Paid by Attendant | B44: 55.3
A45: VOUCHER OUT | B45: 0
... A48: CASHLESS OUT | B48: 837849.06
A49: Cashable Electronic Out | B49: =+B48 -> 837849.06
A50: Promotional Electronic Out | B50: 0
A51: Non-cashable Electronic Out | B51: 0
A53: TOTAL CANCELLED CREDITS | B53: 837904.36
B54: 0
A55: TOTAL HANDPAY RECEIPT | B55: 0
A56: Cancelled Credits Receipt | B56: 0
A57: Jackpot Receipt | B57: 0
B58: 0
A59: COIN DROP | B59: 0
A60: Extra Coins Out | B60: 0
A61: Hopper Fill | B61: 0
A62: Quantity of Physical Coins In | B62: 0
A63: Quantity of Physical Coins Out | B63: 0
A64: Quantity of Physical Coins In Drop | B64: 0
A66: TOTAL GAMES PLAYED | B66: 4653505
A67: Total GAMES Won | B67: 742124
A68: Total GAMES Lost | B68: 3911381
A69: Main Games Lost | B69: 3911233
A70: Games Lost In Gamble | B70: =B68-B69 -> 148 | E70: 2536718
E71: 402482
A72: LADYS CARDS JACKPOT STATISTICS | E72: 2134236
A73: CLUBS | B73: 0
A74: DIAMONDS | B74: 0
A75: HEARTS | B75: 0
A76: SPADES | B76: 0
A78: TOTAL | B78: =+SUM(B73:B76) -> 0

Sheet 115
A2: Machine Brand | B2: EGT | C2: A
B3: MEGA VISION
A4: 1 Credit = $ | B4: 1
A6: Machine Number | B6: 115
A7: GAME | B7: MULTI GAMES
A8: TOTAL BET (COIN IN) | B8: 4340601.2
A9: TOTAL CASHABLE PLAYED | B9: =B8 -> 4340601.2
A10: TOTAL PROMOTIONAL PLAYED | B10: 0
A11: TOTAL NON-CASHABLE PLAYED | B11: 0
B12: 0
A13: TOTAL WON | B13: 4223551.4
A14: TOTAL WINNINGS TO CREDIT | B14: 4147214.4
A15: WINNINGS FROM PAYTABLE (COIN OUT) | B15: =+B14 -> 4147214.4
A16: WINNINGS FROM PROGRESSIVES | B16: 0
A17: WINNINGS FROM EXTERNAL BONUSES | B17: 0
A18: TOTAL WINNINGS PAID BY ATTENDANT | B18: 76337
A19: Attendant Paid Paytable Winnings | B19: =+B18 -> 76337
A20: Attedant Paid Progressives | B20: 0
A21: Attendant Paid External Bonuses | B21: 0
B23: 0
A24: Machine Hold % | B24: 0.027
A25: Machine Yield % | B25: 0.973
A26: Weighted average TRTP % | B26: 0.9568
A28: TOTAL IN | B28: 1010901
A29: Physical Coin In | B29: 0
A30: Bill In | B30: 577867
A31: Cashless in | B31: 433033.96
A32: Cashable Electronic in | B32: =B31 -> 433033.96
A33: KEYED IN | B33: 0
A34: Promotional Electronic In | B34: 0
A35: Non cashable electronic In | B35: 0
A36: Voucher In | B36: 0
A37: Cashable voucher In | B37: 0
A38: Promotional voucher in | B38: 0
A39: Non-cashable Voucher In | B39: 0
A41: TOTAL OUT | B41: 893851.09
A42: Physical Coin Out | B42: 0
A43: Total Winnings Paid By Attendant | B43: 76337
A44: Cancelled Credits Paid by Attendant | B44: 0.01
A45: VOUCHER OUT | B45: 0
... A48: CASHLESS OUT | B48: 817514.08
A49: Cashable Electronic Out | B49: =+B48 -> 817514.08
A50: Promotional Electronic Out | B50: 0
A51: Non-cashable Electronic Out | B51: 0
A53: TOTAL CANCELLED CREDITS | B53: 817514.09
B54: 0
A55: TOTAL HANDPAY RECEIPT | B55: 0
A56: Cancelled Credits Receipt | B56: 0
A57: Jackpot Receipt | B57: 0
B58: 0
A59: COIN DROP | B59: 0
A60: Extra Coins Out | B60: 0
A61: Hopper Fill | B61: 0
A62: Quantity of Physical Coins In | B62: 0
A63: Quantity of Physical Coins Out | B63: 0
A64: Quantity of Physical Coins In Drop | B64: 0
A66: TOTAL GAMES PLAYED | B66: 3851260
A67: Total GAMES Won | B67: 632680
A68: Total GAMES Lost | B68: 3218580
A69: Main Games Lost | B69: 3218480
A70: Games Lost In Gamble | B70: =+B68-B69 -> 100
A72: LADYS CARDS JACKPOT STATISTICS
A73: CLUBS | B73: 0
A74: DIAMONDS | B74: 0
A75: HEARTS | B75: 0
A76: SPADES | B76: 0
A78: TOTAL | B78: =+SUM(B73:B76) -> 0
I321266: 3313

Sheet CHECK 
D2: 44680
A3: Mac Name | B3: model | C3: Mac No. | D3: BILLS | E3: CASHLESS IN | F3: CASHLESS OUT | G3: CANCEL CREDIT | H3: handpay | I3: JACKPOT HANDPAY | J3: RESULT COMPTEUR | K3: TEST RESULTAT | L3: RESULTAT COMPILE APRES TEST A | M3: ACE RESULT B | N3: VARIANCE (B-A)
A4: KINGKONG (TROPICAL PARADISE) | B4: ATRONIC | C4: 101 | D4: ='101 (R)'!$H$43 -> 26521 | E4: ='101 (R)'!$I$23 -> 17558.68 | F4: ='101 (R)'!$H$24 -> 46284.4 | G4: 0 | H4: 0 | I4: 0 | J4: =D4+E4-F4-G4-H4-I4 -> -2204.72 | K4: 0 | L4: =J4-K4 -> -2204.72 | M4: 0 | N4: =M4-L4 -> 2204.72
A5: KINGKONG (WILD VALLEY) | B5: ATRONIC | C5: 102 | D5: ='102 (R)'!H43 -> 44684 | E5: ='102 (R)'!I23 -> 42839.08 | F5: ='102 (R)'!H24 -> 75985.82 | G5: 0 | H5: 0 | I5: 0 | J5: =D5+E5-F5-G5-H5-I5 -> 11537.26 | K5: 0 | L5: =J5-K5 -> 11537.26 | M5: 0 | N5: =M5-L5 -> -11537.26
A6: KINGKONG (PRINCE OF AMAZON) | B6: ATRONIC | C6: 103 | D6: ='103 (R)'!H43 -> -206 | E6: ='103 (R)'!I23 -> -4081.17 | F6: ='103 (R)'!H24 -> -6417.67 | G6: 0 | H6: 0 | I6: 0 | J6: =D6+E6-F6-G6-H6-I6 -> 2130.5 | K6: 0 | L6: =J6-K6 -> 2130.5 | M6: 0 | N6: =M6-L6 -> -2130.5
A7: EGT Multi 8 | B7: EGT Multi 8 | C7: 114 | D7: =+'114 (R)'!H26 -> 679467 | E7: =+'114 (R)'!H27 -> 285741.03 | F7: =+'114 (R)'!H39 -> 748736.46 | G7: =+'114 (R)'!H36 -> 107.98 | H7: 0 | I7: =+'114 (R)'!H35 -> 12400 | J7: =D7+E7-F7-G7-H7-I7 -> 203963.59 | K7: 0 | L7: =J7-K7 -> 203963.59 | M7: 0 | N7: =M7-L7 -> -203963.59
A8: EGT Multi 8 | B8: EGT Multi 9 | C8: 119 | D8: =+'119 (R)'!H25 -> 521802 | E8: =+'119 (R)'!H26 -> 229036.09 | F8: =+'119 (R)'!H38 -> 577189.78 | G8: =+'119 (R)'!H35 -> 10.21 | H8: 0 | I8: =+'119 (R)'!H34 -> 32150 | J8: =D8+E8-F8-G8-H8-I8 -> 141488.1 | K8: 0 | L8: =J8-K8 -> 141488.1 | M8: 0 | N8: =M8-L8 -> -141488.1
A9: EGT Multi 8 | B9: EGT Multi 10 | C9: 115 | D9: =+'115 (R)'!H26 -> 560307 | E9: =+'115 (R)'!H27 -> 354253.44 | F9: =+'115 (R)'!H39 -> 764607.61 | G9: =+'115 (R)'!H36 -> 0.01 | H9: 0 | I9: =+'115 (R)'!H35 -> 54600 | J9: =D9+E9-F9-G9-H9-I9 -> 95352.82 | K9: 0 | L9: =J9-K9 -> 95352.82 | M9: 0 | N9: =M9-L9 -> -95352.82
A10: EGT Multi 8 | B10: EGT Multi 11 | C10: 120 | D10: =+'120 (R)'!H26 -> 665695 | E10: =+'120 (R)'!H27 -> 317995.66 | F10: =+'120 (R)'!H39 -> 769155.81 | G10: =+'120 (R)'!H36 -> 55.12 | H10: 0 | I10: =+'120 (R)'!H35 -> 36450 | J10: =D10+E10-F10-G10-H10-I10 -> 178029.73 | K10: 0 | L10: =J10-K10 -> 178029.73 | M10: 0 | N10: =M10-L10 -> -178029.73
A11: FORTUNE COOKIE | B11: IGT | C11: 28 | D11: ='28 (R)'!I19 -> 4470 | E11: =+'28 (R)'!I20 -> 6265.6 | F11: ='28 (R)'!I26 -> 9007.72 | G11: =+'28 (R)'!I28 -> 610.14 | H11: 0 | I11: ='28 (R)'!I27 -> 338.24 | J11: =D11+E11-F11-G11-H11-I11 -> 779.5 | K11: 0 | L11: =J11-K11 -> 779.5 | M11: 0 | N11: =M11-L11 -> -779.5
A12: EGT Multi 8 | B12: EGT Multi 8 | C12: 116 | D12: =+'116 (R)'!H26 -> 1394069 | E12: =+'116 (R)'!H27 -> 834308.22 | F12: =+'116 (R)'!H40 -> 1829568.4 | G12: =+'116 (R)'!H36 -> 303.44 | H12: 0 | I12: =+'116 (R)'!H35 -> 92668.6 | J12: =D12+E12-F12-G12-H12-I12 -> 305836.77 | K12: 0 | L12: =J12-K12 -> 305836.77 | M12: 0 | N12: =M12-L12 -> -305836.77
A13: Outstanding Orange | B13: ATRONIC DIV | C13: 96 | D13: ='96 (R)'!G22 -> 54146 | E13: ='96 (R)'!G23 -> 105793.35 | F13: ='96 (R)'!G25 -> 130122.82 | G13: 0 | H13: 0 | I13: 0 | J13: =D13+E13-F13-G13-H13-I13 -> 29816.53 | K13: 0 | L13: =J13-K13 -> 29816.53 | M13: 0 | N13: =M13-L13 -> -29816.53
A14: EGT Multi 8 | B14: EGT Multi 8 | C14: 43 | D14: ='43 (R)'!H26 -> 301420 | E14: ='43 (R)'!H27 -> 158745.22 | F14: =+'43 (R)'!H44 -> 359502.56 | G14: ='43 (R)'!H40 -> 553.88 | H14: 0 | I14: ='43 (R)'!H39 -> 7500 | J14: =D14+E14-F14-G14-H14-I14 -> 92608.78 | K14: 0 | L14: =J14-K14 -> 92608.78 | M14: 0 | N14: =M14-L14 -> -92608.78
A15: EGT Multi 8 | B15: EGT Multi 8 | C15: 111 | D15: =+'111 (R)'!H26 -> 1058374 | E15: =+'111 (R)'!H27 -> 493010.68 | F15: =+'111 (R)'!H40 -> 1043600.9 | G15: =+'111 (R)'!H36 -> 326.72 | H15: 0 | I15: =+'111 (R)'!H35 -> 44120 | J15: =D15+E15-F15-G15-H15-I15 -> 463337.1 | K15: 0 | L15: =J15-K15 -> 463337.1 | M15: 0 | N15: =M15-L15 -> -463337.1
A16: MAGENTA | B16: ATRONIC DIV | C16: 91 | D16: ='91 (R)'!H31 -> 93543 | E16: ='91 (R)'!H30 -> 87862.15 | F16: ='91 (R)'!H22 -> 146808.63 | G16: 0 | H16: 0 | I16: 0 | J16: =D16+E16-F16-G16-H16-I16 -> 34596.52 | K16: 0 | L16: =J16-K16 -> 34596.52 | M16: 0 | N16: =M16-L16 -> -34596.52
A17: EGT Multi 2 | B17: EGT Multi 11 | C17: 40 | D17: ='40 (R)'!H27 -> 337880 | E17: =+'40 (R)'!H28 -> 115967.46 | F17: =+'40 (R)'!H46 -> 335667.34 | G17: ='40 (R)'!H42 -> 1097.48 | H17: 0 | I17: ='40 (R)'!H41 -> 0 | J17: =D17+E17-F17-G17-H17-I17 -> 117082.64 | K17: 0 | L17: =J17-K17 -> 117082.64 | M17: 0 | N17: =M17-L17 -> -117082.64
A18: legendary classics | B18: ATRONIC DIV | C18: 92 | D18: ='92 (R)'!H22 -> 82798 | E18: ='92 (R)'!H23 -> 78872.63 | F18: ='92 (R)'!H27 -> 130486.99 | G18: 0 | H18: 0 | I18: 0 | J18: =D18+E18-F18-G18-H18-I18 -> 31183.64 | K18: 0 | L18: =J18-K18 -> 31183.64 | M18: 0 | N18: =M18-L18 -> -31183.64
A19: EGT P24 Purple 1 | B19: EGT Multi 8 | C19: 117 | D19: =+'117 (R)'!G26 -> 1055777 | E19: =+'117 (R)'!G27 -> 717010.12 | F19: =+'117 (R)'!G40 -> 1430898.2 | G19: =+'117 (R)'!G36 -> 1090.35 | H19: 0 | I19: =+'117 (R)'!G35 -> 81382 | J19: =D19+E19-F19-G19-H19-I19 -> 259416.62 | K19: 0 | L19: =J19-K19 -> 259416.62 | M19: 0 | N19: =M19-L19 -> -259416.62
A20: EGT Multi 8 | B20: EGT Multi 8 | C20: 41 | D20: ='41 (R)'!G27 -> 268615 | E20: ='41 (R)'!G28 -> 115261.48 | F20: =+'41 (R)'!G46 -> 316192.49 | G20: ='41 (R)'!G41 -> 105.4 | H20: 0 | I20: ='41 (R)'!G40 -> 0 | J20: =D20+E20-F20-G20-H20-I20 -> 67578.59 | K20: 0 | L20: =J20-K20 -> 67578.59 | M20: 0 | N20: =M20-L20 -> -67578.59
A21: FIRE CHIEF | B21: ATRONIC | C21: 57 | D21: ='57 (R)'!H43 -> -1376 | E21: ='57 (R)'!I23 -> -3274.63 | F21: ='57 (R)'!H24 -> -4350.64 | G21: 0 | H21: 0 | I21: 0 | J21: =D21+E21-F21-G21-H21-I21 -> -299.99 | K21: 0 | L21: =J21-K21 -> -299.99 | M21: 0 | N21: =M21-L21 -> 299.99
A22: EGT Multi 8 | B22: EGT Multi 8 | C22: 112 | D22: =+'112 (R)'!H26 -> 774864 | E22: =+'112 (R)'!H27 -> 594897.93 | F22: =+'112 (R)'!H39 -> 1117699.8 | G22: =+'112 (R)'!H36 -> 303.19 | H22: 0 | I22: =+'112 (R)'!H35 -> 61377.5 | J22: =D22+E22-F22-G22-H22-I22 -> 190381.48 | K22: 0 | L22: =J22-K22 -> 190381.48 | M22: 0 | N22: =M22-L22 -> -190381.48
A23: EGT Multi 8 | B23: EGT Multi 8 | C23: 118 | D23: =+'118 (R)'!H26 -> 704465 | E23: =+'118 (R)'!H27 -> 395020.12 | F23: =+'118 (R)'!H39 -> 882330.16 | G23: =+'118 (R)'!H36 -> 1121.48 | H23: 0 | I23: =+'118 (R)'!H35 -> 33377 | J23: =D23+E23-F23-G23-H23-I23 -> 182656.48 | K23: 0 | L23: =J23-K23 -> 182656.48 | M23: 0 | N23: =M23-L23 -> -182656.48
A24: ATRONIC | B24: ATRONIC DIV | C24: 95 | D24: ='95 (R)'!H31 -> 123316 | E24: ='95 (R)'!H30 -> 49089.2 | F24: ='95 (R)'!H22 -> 139108.47 | G24: 0 | H24: 0 | I24: 0 | J24: =D24+E24-F24-G24-H24-I24 -> 33296.73 | K24: 0 | L24: =J24-K24 -> 33296.73 | M24: 0 | N24: =M24-L24 -> -33296.73
A25: IGT VIDEO POKER | B25: IGT | C25: 35 | D25: ='40'!H31 -> 0 | E25: ='35 (R)'!H36 -> 130481 | F25: ='35 (R)'!H37 -> 73297 | G25: ='35 (R)'!H12 -> 0 | H25: 0 | I25: ='35 (R)'!H13 -> 32000 | J25: =D25+E25-F25-G25-H25-I25 -> 25184 | K25: 0 | L25: =J25-K25 -> 25184 | M25: 0 | N25: =M25-L25 -> -25184
A26: EGT | B26: EGT Multi 8 | C26: 113 | D26: =+'113 (R)'!H26 -> 884408 | E26: =+'113 (R)'!H27 -> 742408.55 | F26: =+'113 (R)'!H39 -> 1351222.6 | G26: =+'113 (R)'!H36 -> 1702.64 | H26: 0 | I26: =+'113 (R)'!H35 -> 54100 | J26: =D26+E26-F26-G26-H26-I26 -> 219791.3 | K26: 0 | L26: =J26-K26 -> 219791.3 | M26: 0 | N26: =M26-L26 -> -219791.3
A27: PHARAOH'S FORTUNE | B27: IGT | C27: 27 | D27: ='27 (R)'!G30 -> 103210 | E27: =+'27 (R)'!G31 -> 56732.3 | F27: =+'27 (R)'!G45 -> 113808.03 | G27: =+'27 (R)'!G51 -> 0 | H27: 0 | I27: 0 | J27: =D27+E27-F27-G27-H27-I27 -> 46134.27 | K27: 0 | L27: =J27-K27 -> 46134.27 | M27: 0 | N27: =M27-L27 -> -46134.27
A28: CLEOPATRA | B28: IGT | C28: 15 | D28: ='15 (R)'!I19 -> 39780 | E28: ='15 (R)'!I20 -> 34646.38 | F28: ='15 (R)'!I24 -> 56324.16 | G28: =+'15 (R)'!I26 -> 0 | H28: 0 | I28: ='15 (R)'!I25 -> 4222.8 | J28: =D28+E28-F28-G28-H28-I28 -> 13879.42 | K28: 0 | L28: =J28-K28 -> 13879.42 | M28: 0 | N28: =M28-L28 -> -13879.42
A29: RISQUE BUSINESS | B29: IGT | C29: 12 | D29: ='12 (R)'!I18 -> 26890 | E29: ='12 (R)'!I19 -> 33332.96 | F29: ='12 (R)'!I23 -> 52646.3 | G29: ='12 (R)'!J23 -> 0 | H29: 0 | I29: =+'12 (R)'!I6 -> 0 | J29: =D29+E29-F29-G29-H29-I29 -> 7576.66 | K29: 0 | L29: =J29-K29 -> 7576.66 | M29: 0 | N29: =M29-L29 -> -7576.66
A30: FROG PRINCE | B30: IGT | C30: 13 | D30: =+'13'!N19 -> 0 | E30: ='13'!N20 -> 0 | F30: ='13'!N24 -> 0 | G30: =+'13'!N26 -> 0 | H30: 0 | I30: ='13'!N25 -> 0 | J30: =D30+E30-F30-G30-H30-I30 -> 0 | K30: 0 | L30: =J30-K30 -> 0 | M30: 0 | N30: =M30-L30 -> 0
A31: LEOPARDS SPOT | B31: IGT | C31: 16 | D31: =+'16'!N19 -> 0 | E31: ='16'!N20 -> 0 | F31: ='16'!N26-'16'!N27 -> 0 | G31: =SUM('16'!N28) -> 0 | H31: 0 | I31: =+'16'!N27 -> 0 | J31: =D31+E31-F31-G31-H31-I31 -> 0 | K31: 0 | L31: =J31-K31 -> 0 | M31: 0 | N31: =M31-L31 -> 0
A32: MONSTER | B32: IGT | C32: 17 | D32: ='17'!S19 -> 0 | E32: ='17'!S20 -> 0 | F32: ='17'!S24 -> 0 | G32: =+'17'!S26 -> 0 | H32: 0 | I32: 0 | J32: =D32+E32-F32-G32-H32-I32 -> 0 | K32: 0 | L32: =J32-K32 -> 0 | M32: 0 | N32: =M32-L32 -> 0
A33: LITTLE GREEN MEN | B33: IGT | C33: 18 | D33: ='18'!R19 -> 0 | E33: ='18'!R20 -> 0 | F33: ='18'!R24 -> 0 | G33: =SUM('18'!Q26*0.02) -> 0 | H33: 0 | I33: ='18'!R25 -> 0 | J33: =D33+E33-F33-G33-H33-I33 -> 0 | K33: 0 | L33: =J33-K33 -> 0 | M33: 0 | N33: =M33-L33 -> 0
A34: Absolute Azure | B34: ATRONIC DIV | C34: 94 | D34: ='94 (R)'!H31 -> -967 | E34: ='94 (R)'!H30 -> 3189.89 | F34: ='94 (R)'!H22 -> -2821.22 | G34: 0 | H34: 0 | I34: 0 | J34: =D34+E34-F34-G34-H34-I34 -> 5044.11 | K34: 0 | L34: =J34-K34 -> 5044.11 | M34: 0 | N34: =M34-L34 -> -5044.11
A35: IGT VIDEO POKER | B35: IGT | C35: 34 | D35: ='34 (R)'!G30 -> 0 | E35: ='34 (R)'!F36 -> 57916 | F35: ='34 (R)'!F37 -> 32683 | G35: ='34 (R)'!F12 -> 0 | H35: 0 | I35: ='34 (R)'!F13 -> 12000 | J35: =D35+E35-F35-G35-H35-I35 -> 13233 | K35: 0 | L35: =J35-K35 -> 13233 | M35: 0 | N35: =M35-L35 -> -13233
A36: EGT Multi 7 | B36: EGT | C36: 42 | D36: ='42 (R)'!H26 -> 193225 | E36: ='42 (R)'!H27 -> 77235.43 | F36: ='42 (R)'!H40 -> 214824.43 | G36: ='42 (R)'!H36 -> 223.13 | H36: 0 | I36: ='42 (R)'!H35 -> 0 | J36: =D36+E36-F36-G36-H36-I36 -> 55412.87 | K36: 0 | L36: =J36-K36 -> 55412.87 | M36: 0 | N36: =M36-L36 -> -55412.87
B37: ATRONIC | C37: 48 | D37: ='50N'!H43 -> 0 | E37: ='50N'!I23 -> 0 | F37: ='50N'!H24 -> 0 | G37: 0 | H37: 0 | I37: 0 | J37: =D37+E37-F37-G37-H37-I37 -> 0 | K37: 0 | L37: =J37-K37 -> 0 | M37: 0 | N37: =M37-L37 -> 0
A38: KINGKONG (PRINCE OF AMAZON) | B38: ATRONIC | C38: 49 | D38: ='49'!H43 -> 0 | E38: ='49'!I23 -> 0 | F38: ='49'!H24 -> 0 | G38: 0 | H38: 0 | J38: =D38+E38-F38-G38-H38-I38 -> 0 | K38: 0 | L38: =J38-K38 -> 0 | M38: 0 | N38: =M38-L38 -> 0
A39: 20 | B39: ATRONIC | C39: 50 | D39: ='50'!H43 -> 0 | E39: ='50'!I23 -> 0 | F39: =+'50'!H24 -> 0 | G39: 0 | H39: 0 | I39: 0 | J39: =D39+E39-F39-G39-H39-I39 -> 0 | K39: 0 | L39: =J39-K39 -> 0 | M39: 0 | N39: =M39-L39 -> 0
A40: ROYAL KEY | B40: ATRONIC | C40: 59 | D40: ='59'!H43 -> 0 | E40: ='59'!I23 -> 0 | F40: ='59'!H24 -> 0 | G40: 0 | H40: 0 | I40: 0 | J40: =D40+E40-F40-G40-H40-I40 -> 0 | K40: 0 | L40: =J40-K40 -> 0 | M40: 0 | N40: =M40-L40 -> 0
A41: Gambling green | B41: ATRONIC DIV | C41: 93 | D41: ='93 (R)'!G31 -> 425 | E41: ='93 (R)'!G30 -> -10325.29 | F41: ='93 (R)'!G22 -> -12098.88 | G41: 0 | H41: 0 | I41: 0 | J41: =D41+E41-F41-G41-H41-I41 -> 2198.59 | K41: 0 | L41: =J41-K41 -> 2198.59 | M41: 0 | N41: =M41-L41 -> -2198.59
B42: TOT. | D42: =SUM(D4:D41) -> 9997602 | E42: =SUM(E4:E41) -> 6117789.6 | F42: =SUM(F4:F41) -> 12722071 | G42: =SUM(G4:G41) -> 7611.17 | H42: =SUM(H4:H41) -> 0 | I42: =SUM(I4:I41) -> 558686.14 | J42: =SUM(J4:J41) -> 2827022.9 | K42: =SUM(K4:K41) -> 0 | ... N42: =SUM(N4:N41) -> -2827022.9
I43: =+I42 -> 558686.14 | L43: 0

Sheet 46
A2: Machine Brand | B2: EGT | C2: A
B3: MEGA VISION
A4: 1 Credit = $ | B4: 1
A6: Machine Number | B6: 46
A7: GAME | B7: MULTI GAMES
A8: BET | B8: 2372219.5
A9: WIN | B9: 2190281.9
A10: GAMES PLAYED | B10: 4122117
A11: AVERAGE BET | B11: 0.58
A12: GAMES WON | B12: 574737
A13: GAMES LOST | B13: 3547375
A14: FREE GAMES | B14: 56133
A15: GAMBLE GAMES | B15: 893
A16: PAY OUT PERCENTAGE | B16: 0.9233
A17: HOLD | B17: 0.0767
A18: SLOT DOOR OPENS | B18: 5824
A19: POWER RESET | B19: 3021
... A24: KEY IN | B24: 18796
A25: KEY OFF | B25: 597623.4 | D25: =B25=B20 -> TRUE
A26: BILL IN | B26: 760735
A27: CASH IN | B27: =+B26 -> 760735

Sheet ACE BILLS NEW
A1: DATE | B1: ='CHECK '!D2 -> 44680
A2: MAC NO | B2: CLOSING | C2: OPENING | D2: DIFFERENCE | E2: MAC DENOM | F2: DROP | H2: TTL DROP | K2: MAC NO
A3: 101 | B3: ='101 (R)'!$F$43 -> 29577 | C3: 3056 | D3: =+B3-C3 -> 26521 | E3: 1 | F3: =+D3*E3 -> 26521 | H3: =F3 -> 26521 | K3: =A3 -> 101
A4: 102 | B4: ='102 (R)'!$F$43 -> 51660 | C4: 6976 | D4: =+B4-C4 -> 44684 | E4: 1 | F4: =+D4*E4 -> 44684 | H4: =F4 -> 44684 | K4: =A4 -> 102
A5: 103 | B5: =+'103 (R)'!$F$43 -> 5111 | C5: 5317 | D5: =+B5-C5 -> -206 | E5: 1 | F5: =+D5*E5 -> -206 | H5: =F5 -> -206 | K5: =A5 -> 103
A6: 114 | B6: =+'114 (R)'!$F$26 -> 761401 | C6: 81934 | D6: =+B6-C6 -> 679467 | E6: 1 | F6: =+D6*E6 -> 679467 | H6: =F6 -> 679467 | K6: =A6 -> 114
A7: 119 | B7: =+'119 (R)'!$F$25 -> 583315 | C7: 61513 | D7: =+B7-C7 -> 521802 | E7: 1 | F7: =+D7*E7 -> 521802 | H7: =F7 -> 521802 | K7: =A7 -> 119
A8: 115 | B8: =+'115 (R)'!$F$26 -> 577867 | C8: 17560 | D8: =+B8-C8 -> 560307 | E8: 1 | F8: =+D8*E8 -> 560307 | H8: =F8 -> 560307 | K8: =A8 -> 115
A9: 120 | B9: =+'120 (R)'!$F$26 -> 687432 | C9: 21737 | D9: =+B9-C9 -> 665695 | E9: 1 | F9: =+D9*E9 -> 665695 | H9: =F9 -> 665695 | K9: =A9 -> 120
A10: 28 | B10: ='28 (R)'!$F$19 -> 3958300 | C10: 3734800 | D10: =+B10-C10 -> 223500 | E10: 0.02 | F10: =+D10*E10 -> 4470 | H10: =F10 -> 4470 | K10: =A10 -> 28
A11: 116 | B11: =+'116 (R)'!$F$26 -> 1482958 | C11: 88889 | D11: =+B11-C11 -> 1394069 | E11: 1 | F11: =+D11*E11 -> 1394069 | H11: =F11 -> 1394069 | K11: =A11 -> 116
A12: 96 | B12: ='96 (R)'!$E$22 -> 87795 | C12: 33649 | D12: =+B12-C12 -> 54146 | E12: 1 | F12: =+D12*E12 -> 54146 | H12: =F12 -> 54146 | K12: =A12 -> 96
A13: 43 | B13: ='43 (R)'!$F$26 -> 3055780 | C13: 2754360 | D13: =+B13-C13 -> 301420 | E13: 1 | F13: =+D13*E13 -> 301420 | H13: =F13 -> 301420 | K13: =A13 -> 43
A14: 111 | B14: =+'111 (R)'!$F$26 -> 1095813 | C14: 37439 | D14: =+B14-C14 -> 1058374 | E14: 1 | F14: =+D14*E14 -> 1058374 | H14: =F14 -> 1058374 | K14: =A14 -> 111
A15: 91 | B15: ='91 (R)'!$F$31 -> 148748 | C15: 55205 | D15: =+B15-C15 -> 93543 | E15: 1 | F15: =+D15*E15 -> 93543 | H15: =F15 -> 93543 | K15: =A15 -> 91
A16: 40 | B16: ='40 (R)'!$F$27 -> 3116190 | C16: 2778310 | D16: =+B16-C16 -> 337880 | E16: 1 | F16: =+D16*E16 -> 337880 | H16: =F16 -> 337880 | K16: =A16 -> 40
A17: 92 | B17: ='92 (R)'!$F$22 -> 127211 | C17: 44413 | D17: =+B17-C17 -> 82798 | E17: 1 | F17: =+D17*E17 -> 82798 | H17: =F17 -> 82798 | K17: =A17 -> 92
A18: 117 | B18: =+'117 (R)'!$E$26 -> 1118490 | C18: 62713 | D18: =+B18-C18 -> 1055777 | E18: 1 | F18: =+D18*E18 -> 1055777 | H18: =F18 -> 1055777 | K18: =A18 -> 117
A19: 41 | B19: ='41 (R)'!$E$27 -> 3199850 | C19: 2931235 | D19: =+B19-C19 -> 268615 | E19: 1 | F19: =+D19*E19 -> 268615 | H19: =F19 -> 268615 | K19: =A19 -> 41
A20: 57 | B20: ='57 (R)'!$F$43 -> 0 | C20: 1376 | D20: =+B20-C20 -> -1376 | E20: 1 | F20: =+D20*E20 -> -1376 | H20: =F20 -> -1376 | K20: =A20 -> 57
A21: 112 | B21: =+'112 (R)'!$F$26 -> 851714 | C21: 76850 | D21: =+B21-C21 -> 774864 | E21: 1 | F21: =+D21*E21 -> 774864 | H21: =F21 -> 774864 | K21: =A21 -> 112
A22: 118 | B22: =+'118 (R)'!$F$26 -> 787854 | C22: 83389 | D22: =+B22-C22 -> 704465 | E22: 1 | F22: =+D22*E22 -> 704465 | H22: =F22 -> 704465 | K22: =A22 -> 118
A23: 95 | B23: ='95 (R)'!$F$31 -> 146458 | C23: 23142 | D23: =+B23-C23 -> 123316 | E23: 1 | F23: =+D23*E23 -> 123316 | H23: =F23 -> 123316 | K23: =A23 -> 95
A24: 113 | B24: =+'113 (R)'!$F$26 -> 977092 | C24: 92684 | D24: =+B24-C24 -> 884408 | E24: 1 | F24: =+D24*E24 -> 884408 | H24: =F24 -> 884408 | K24: =A24 -> 113
A25: 27 | B25: ='27 (R)'!$E$30 -> 14848500 | C25: 4527500 | D25: =+B25-C25 -> 10321000 | E25: 0.01 | F25: =+D25*E25 -> 103210 | H25: =F25 -> 103210 | K25: =A25 -> 27
A26: 15 | B26: ='15 (R)'!$F$19 -> 43701000 | C26: 41712000 | D26: =+B26-C26 -> 1989000 | E26: 0.02 | F26: =+D26*E26 -> 39780 | H26: =F26 -> 39780 | K26: =A26 -> 15
A27: 12 | B27: ='12 (R)'!$F$18 -> 12817000 | C27: 11472500 | D27: =+B27-C27 -> 1344500 | E27: 0.02 | F27: =+D27*E27 -> 26890 | H27: =F27 -> 26890 | K27: =A27 -> 12
A28: 94 | B28: ='94 (R)'!$F$31 -> 25646 | C28: 26613 | D28: =+B28-C28 -> -967 | E28: 1 | F28: =+D28*E28 -> -967 | H28: =F28 -> -967 | K28: =A28 -> 94
A29: 42 | B29: ='42 (R)'!$F$26 -> 3713170 | C29: 3519945 | D29: =+B29-C29 -> 193225 | E29: 1 | F29: =+D29*E29 -> 193225 | H29: =F29 -> 193225 | K29: =A29 -> 42
A30: 93 | B30: ='93 (R)'!$E$31 -> 16373 | C30: 15948 | D30: =+B30-C30 -> 425 | E30: 1 | F30: =+D30*E30 -> 425 | H30: =F30 -> 425 | K30: =A30 -> 93
A31: 16 | B31: 7626350 | C31: 7626350 | D31: =+B31-C31 -> 0 | E31: 0.02 | F31: =+D31*E31 -> 0 | H31: =F31 -> 0
A32: 48 | B32: 290330 | C32: 290330 | D32: =+B32-C32 -> 0 | E32: 1 | F32: =+D32*E32 -> 0 | H32: =F32 -> 0
A33: 50 | B33: 17292 | C33: 17292 | D33: =+B33-C33 -> 0 | E33: 1 | F33: =+D33*E33 -> 0 | H33: =F33 -> 0
A34: 49 | B34: 29136 | C34: 29136 | D34: =+B34-C34 -> 0 | E34: 1 | F34: =+D34*E34 -> 0 | H34: =F34 -> 0
F35: =SUM(F3:F34) -> 9997602 | H35: =SUM(H3:H34) -> 9997602
D36: ACE REPORTED BILLS | F36: 13644 | H36: =H35-'CHECK '!D42 -> 0
C37: Difference | F37: =+F35-F36 -> 9983958

Sheet 22
J1: AMES WON
A2: Machine Brand | B2: ATRONIC | C2: A
B3: KING KONG
A4: 1 Credit = $ | B4: 1
B5: ram cleared started play 23/02/2023
A6: Machine Number | B6: 22 | D6: FAULTY TRUE IN METERS
A7: GAME
A8: Money Wagered | B8: 316750.74 | C8: ram to clear
A9: Mon,won+prog+Bonus,wo JP; | B9: 295435.52
A10: Mon,won+prog+Bonus,w JP; | B10: =B9 -> 295435.52
A11: Total Drop | B11: 106682
A12: Coin Drop | B12: 0 | E12: 58
A13: Hand paid wo JP | B13: 22.6
A14: Hand paid w JP | B14: 22.6
A15: Games played | B15: 419894
A16: Games Won | B16: 129782
A17: Jackpots Wo prog.and Bonus | B17: 0
A18: Jackpots W prog.and Bonus | B18: 0
A19: Jackpot Hits | B19: 0
A20: Door Opens | B20: 4488
A21: Pysical Coin In | B21: 0
A22: Pysical Coin Out | B22: 0
A23: True In | B23: 249121.23 | C23: =B23-B41 -> 142439.23 | F23: =+B23-B41 -> 142439.23
A24: True Out | B24: 227806.01
A25: Net Win | B25: 21315.22
A26: Cur.payout% with Bonus | B26: 0.9327
A27: Cur.payout% w/o Bonus | B27: =B26 -> 0.9327
A28: Coins Overpaid | B28: 0
A29: Games/Door | B29: 0
A30: Games/Power | B30: 0
A31: Hopper Drawer | B31: 0
A32: Logic Door | B32: 17
A33: Drop Door | B33: 0
A34: Billbox Door | B34: 124
A35: Bill and Drop Door | B35: =B34 -> 124
A36: Billacceptor Stacker | B36: 1417
A37: Double Utilisation % | B37: 0
A38: Double Up Wagered | B38: 0
A39: Double Up Won | B39: 0
A40: Double Up Payout % | B40: 0
A41: Total Bills Currency | B41: 106682
A42: Total Bills Count | B42: 2858
B43: 0
A45: BANK 2
A46: KONG JACKPOT | B46: JACKPOT 1
A47: No of Jackpot Hits | B47: 0
A48: Jackpot cumulative payout | B48: 0
A49: Current Value | B49: 8625.1
A50: Base Value | B50: 8000
A51: Upper Limit | B51: 0
A52: Hidden Value | B52: 0
A53: Hidden Base Value | B53: 0
A54: Hidden Limit | B54: 0
A55: Reset Value | B55: 0
A56: Max JP Payout | B56: 0
A57: Min JP Payout | B57: 0
A59: GRAND JACKPOT | B59: JACKPOT 2
A60: No of Jackpot Hits | B60: 6
A61: Jackpot cumulative payout | B61: 809.9
A62: Current Value | B62: 126.1
A63: Base Value | B63: 120
A64: Upper Limit | B64: 0
A65: Hidden Value | B65: 0
A66: Hidden Base Value | B66: 0
A67: Hidden Limit | B67: 0
A68: Reset Value | B68: 0
A69: Max JP Payout | B69: 191.96
A70: Min JP Payout | B70: 120.56
A72: MAJOR JACKPOT | B72: JACKPOT 3
A73: No of Jackpot Hits | B73: 13
A74: Jackpot cumulative payout | B74: 570.84
A75: Current Value | B75: 47.93
A76: Base Value | B76: 36
A77: Upper Limit | B77: 0
A78: Hidden Value | B78: 0
A79: Hidden Base Value | B79: 0
A80: Hidden Limit | B80: 0
A81: Reset Value | B81: 0
A82: Max JP Payout | B82: 120
A83: Min JP Payout | B83: 36.34
A85: MINOR JACKPOT | B85: JACKPOT 4
A86: No of Jackpot Hits | B86: 35
A87: Jackpot cumulative payout | B87: 308.74
A88: Current Value | B88: 6.01
A89: Base Value | B89: 6
A90: Upper Limit | B90: 0
A91: Hidden Value | B91: 0
A92: Hidden Base Value | B92: 0
A93: Hidden Limit | B93: 0
A94: Reset Value | B94: 0
A95: Max JP Payout | B95: 35.9
A96: Min JP Payout | B96: 6.06

Sheet 37

Sheet STATS
A3: Mac Name | B3: model | C3: Mac No. | D3: BILL | E3: CASHLESS IN | F3: COIN IN/BETS WEGERED | G3: CASHLESS OUT | H3: CANCELLED CREDIT | I3: COIN OUT | J3: jackpots
A4: RISQUE BUSINESS | B4: IGT | C4: 12 | D4: ='12'!B18 -> 12817000 | E4: ='12'!B19 -> 8238799 | F4: ='12'!B8 -> 62518685 | I4: ='12'!B10 -> 59552569
A5: FROG PRINCE | B5: IGT | C5: 13 | D5: ='13N'!B18 -> 52750 | E5: ='13N'!B19 -> 61375 | F5: ='13N'!B8 -> 231711 | I5: ='13N'!B9 -> 227976
A6: CLEOPATRA | B6: IGT | C6: 15 | D6: ='15'!B18 -> 43701000 | E6: ='15'!B19 -> 30956527 | F6: ='15'!B8 -> 259140885 | I6: ='15'!B9 -> 246822753
A7: LEOPARD SPOT | B7: IGT | C7: 16 | D7: ='16N'!B18 -> 348750 | E7: ='16N'!B19 -> 2272528 | F7: ='16N'!B8 -> 3499758 | I7: ='16N'!B9 -> 3336618
A8: LITTLE GREEN MEN | B8: IGT | C8: 18 | D8: ='18N'!B29 -> 283750 | E8: ='18N'!B30 -> 247255 | F8: ='18N'!B8 -> 574309 | I8: ='18N'!B10 -> 532921
A9: MONEY STORM | B9: IGT | C9: 26 | D9: ='26N '!B18 -> 263000 | E9: ='26N '!B19 -> 315742 | F9: ='26N '!B8 -> 1418908 | I9: ='26N '!B9 -> 1245127
A10: PHARAOH'S FORTUNE | B10: IGT | C10: 27 | D10: ='27'!B27 -> 22538301 | E10: ='27'!B30 -> 7689801 | F10: ='27'!B8 -> 85000551 | I10: ='27'!B10 -> 79303306
A11: FORTUNE COOKIE | B11: IGT | C11: 28 | D11: ='28'!B18 -> 3958300 | E11: ='28'!B19 -> 3490370 | F11: ='28'!B8 -> 18345801 | I11: ='28'!B9 -> 17448191
A12: IGT VIDEO POKER | B12: IGT | C12: 34 | D12: 0 | E12: ='34'!B43 -> 458712 | F12: ='34'!B28 -> 2277533 | I12: ='34'!B29 -> 2146067
A13: IGT VIDEO POKER | B13: IGT | C13: 35 | D13: 0 | E13: ='35'!B43 -> 222875 | F13: ='35'!B28 -> 1562764 | I13: ='35'!B29 -> 1466807
A14: EGT Multi 2 | B14: VEGA-VISSION | C14: 40 | D14: ='40'!B26 -> 3116190 | E14: ='40'!B27 -> 1379111.9 | F14: ='40'!B8 -> 17484784 | I14: ='40'!B13 -> 16717389
A15: EGT Multi 8 | B15: VEGA-VISSION | C15: 41 | D15: ='41'!B25 -> 3199850 | E15: ='41'!B26 -> 1285442.1 | F15: ='41'!B8 -> 17527423 | I15: ='41'!B13 -> 16663023
A16: EGT Multi 7 | B16: EGT | C16: 42 | D16: ='42'!B26 -> 3713170 | E16: ='42'!B27 -> 1485892.6 | F16: ='42'!B8 -> 19838935 | I16: ='42'!B13 -> 18973932
A17: EGT Multi 8 | B17: VEGA-VISSION | C17: 43 | D17: ='43'!B26 -> 3055780 | E17: ='43'!B27 -> 1665674.6 | F17: ='43'!B8 -> 17267146 | I17: ='43'!B13 -> 16402434
A18: KINGKONG (PRINCESS OF AMAZON) | B18: ATRONIC | C18: 48 | D18: ='48N'!B41 -> 286 | E18: ='48N'!C23 -> 2014.14 | F18: ='48N'!B8 -> 3248.62 | I18: ='48N'!B9 -> 2914.63
A19: KINGKONG (TROPICAL PARADISE) | B19: ATRONIC | C19: 49 | D19: ='49N'!B41 -> 35339 | E19: ='49N'!C23 -> 26774.88 | F19: ='49N'!B8 -> 91267.12 | I19: ='49N'!B9 -> 74861.17
A20: KINGKONG (WILD VALLEY) | B20: ATRONIC | C20: 50 | D20: ='50N'!B41 -> 19031 | E20: ='50N'!C23 -> 32781.64 | F20: ='50N'!B8 -> 64312.98 | I20: ='50N'!B9 -> 62353.25
A21: MIGHTY MINER | B21: ATRONIC | C21: 55 | D21: ='55N'!B41 -> 0 | E21: ='55N'!C23 -> 413.58 | F21: ='55N'!B8 -> 254 | I21: ='55N'!B10 -> 142.4
A22: FIRE CHIEF | B22: ATRONIC | C22: 57 | D22: ='57'!B41 -> 0 | E22: ='57'!C23 -> 1481.57 | F22: ='57'!B8 -> 1079.78 | I22: ='57'!B10 -> 1008.05
A23: 1421 VOYAGES OF ZHENG | B23: ATRONIC | C23: 58 | D23: ='58'!B42 -> 0 | E23: ='58'!C24 -> 3139.21 | F23: ='58'!B8 -> 8426.18 | I23: ='58'!B11 -> 7826.14
A24: ROYAL KEY | B24: ATRONIC | C24: 59 | D24: ='59'!B42 -> 0 | E24: ='59'!C24 -> 3204.92 | F24: ='59'!B8 -> 3424.44 | I24: ='59'!B11 -> 2920.62
A25: DESERT DANCER | B25: ATRONIC | C25: 60 | D25: ='60N'!B41 -> 0 | E25: ='60N'!C23 -> 904.48 | F25: ='60N'!B8 -> 1016.33 | I25: ='60N'!B10 -> 988.17
A26: EAGLE PEAKS | B26: ATRONIC | C26: 61 | D26: ='61N'!B41 -> 0 | E26: ='61N'!C23 -> 800.73 | F26: ='61N'!B8 -> 729.21 | I26: ='61N'!B10 -> 881.2
A27: MAGENTA | B27: ATRONIC DIV | C27: 91 | D27: ='91'!B28 -> 148748 | E27: ='91'!B12 -> 157813.96 | F27: ='91'!B13 -> 1058066.5 | I27: ='91'!B14 -> 1004415.7
A28: legendary classics | B28: ATRONIC DIV | C28: 92 | D28: ='92'!B28 -> 127211 | E28: ='92'!B12 -> 111154.69 | F28: ='92'!B13 -> 975486.61 | I28: ='92'!B14 -> 919053.12
A29: GAMBLING GREEN | B29: ATRONIC DIV | C29: 93 | D29: ='93'!B28 -> 16373 | E29: ='93'!B12 -> 8373.77 | F29: ='93'!B13 -> 85250.14 | I29: ='93'!B14 -> 79315.01
A30: ABSOLUTE AZURE | B30: ATRONIC DIV | C30: 94 | D30: ='94'!B28 -> 25646 | E30: ='94'!B12 -> 25076.81 | F30: ='94'!B13 -> 147287.92 | I30: ='94'!B14 -> 139870.43
A31: ATRONIC | B31: ATRONIC DIV | C31: 95 | D31: ='95'!B28 -> 146458 | E31: ='95'!B12 -> 59733.71 | F31: ='95'!B13 -> 600383.9 | I31: ='95'!B14 -> 561183.48
A32: Outstanding Orange | B32: ATRONIC DIV | C32: 96 | D32: ='96'!B28 -> 87795 | E32: ='96'!B12 -> 137285.75 | F32: ='96'!B13 -> 634558.74 | I32: ='96'!B14 -> 5765873.5
A33: KINGKONG (WILD VALLEY) | B33: ATRONIC | C33: 101 | D33: ='101'!B41 -> 29577 | E33: ='101'!C23 -> 22107 | F33: ='101'!B8 -> 120157.84 | I33: ='101'!B10 -> 121344.36
A34: KINGKONG (TROPICAL PARADISE) | B34: ATRONIC | C34: 102 | D34: ='102'!B41 -> 51660 | E34: ='102'!C23 -> 51707.12 | F34: ='102'!B8 -> 262883.34 | I34: ='102'!B10 -> 249557.36
A35: KINGKONG (PRINCE OF AMAZON) | B35: ATRONIC | C35: 103 | D35: ='103'!B41 -> 5111 | E35: ='103'!C23 -> 4243.67 | F35: ='103'!B8 -> 15326.74 | I35: ='103'!B10 -> 13279.5
A36: EGT PREMIER | B36: RED COLLECTION | C36: 111 | D36: ='111'!B30 -> 1095813 | E36: ='111'!B31 -> 737217.66 | F36: ='111'!B8 -> 7996478.6 | I36: ='111'!B13 -> 7586630
A37: EGT PREMIER | B37: RED COLLECTION | C37: 112 | D37: ='112'!B30 -> 851714 | E37: ='112'!B31 -> 679874.32 | F37: ='112'!B8 -> 6219054.3 | I37: ='112'!B13 -> 5985294.8
A38: EGT PREMIER | B38: RED COLLECTION | C38: 113 | D38: ='113'!B30 -> 977092 | E38: ='113'!B31 -> 896713.58 | F38: ='113'!B8 -> 6847121.4 | I38: ='113'!B13 -> 6585498.9
A39: EGT PREMIER | B39: RED COLLECTION | C39: 114 | D39: ='114'!B30 -> 761401 | E39: ='114'!B31 -> 347483.23 | F39: ='114'!B8 -> 4952057.5 | I39: ='114'!B13 -> 4706171.3
A40: EGT PREMIER | B40: RED COLLECTION | C40: 115 | D40: ='115'!B30 -> 577867 | E40: ='115'!B31 -> 433033.96 | F40: ='115'!B8 -> 4340601.2 | I40: ='115'!B13 -> 4223551.4 | L40: =+E44+D44 -> 942388.09
A41: EGT PREMIER | B41: PURPLE COLLECTION | C41: 116 | D41: ='116'!B30 -> 1482958 | E41: ='116'!B31 -> 1007751.9 | F41: ='116'!B8 -> 9854928 | I41: ='116'!B13 -> 9520465.4
A42: EGT PREMIER | B42: PURPLE COLLECTION | C42: 117 | D42: ='117'!B30 -> 1118490 | E42: ='117'!B31 -> 820756.05 | F42: ='117'!B8 -> 8023840.4 | I42: ='117'!B13 -> 7709411.8
A43: EGT PREMIER | B43: PURPLE COLLECTION | C43: 118 | D43: ='118'!B30 -> 787854 | E43: ='118'!B31 -> 526712.81 | F43: ='118'!B8 -> 5415068 | I43: ='118'!B13 -> 5252998.5
A44: EGT PREMIER | B44: PURPLE COLLECTION | C44: 119 | D44: ='119'!B30 -> 583315 | E44: ='119'!B31 -> 359073.09 | F44: ='119'!B8 -> 4047293.5 | I44: ='119'!B13 -> 3888867.4
A45: EGT PREMIER | B45: PURPLE COLLECTION | C45: 120 | D45: ='120'!B30 -> 687432 | E45: ='120'!B31 -> 391278.05 | F45: ='120'!B8 -> 4530329.8 | I45: ='120'!B13 -> 4347075.1

Sheet HYBRYD WITH MYSTERY
B1: ='ACE BILLS NEW'!B1:C1 -> 44680
B2: ACE connected MAS PURE METERS RESULTS
B3: BILLS | C3: ='CHECK '!D42 -> 9997602
B4: TOTAL CASHLESS IN | C4: ='CHECK '!E42 -> 6117789.6
B5: TOTAL CASHLESS OUT | C5: ='CHECK '!F42 -> 12722071
B6: JACKPOT HANDPAY METERED | C6: ='CHECK '!I42 -> 558686.14
B7: HANDPAY METERED | C7: ='CHECK '!H42 -> 0 | D7: 0
B8: C/C METERED | C8: ='CHECK '!G42 -> 7611.17
B9: PURE METERED RESULT RECORDED FOR DS | C9: =C3+C4-C5-C6-C7-C8 -> 2827022.9
C11: POSITIVE | D11: NEGATIVE | H11: 0
B12: METERRED RESULT | C12: =IF(C9>0,(C9),(0)) -> 2827022.9 | D12: =IF(C9<0,(C9),(0)) -> 0
C14: UNMETERED MOVMENTS
B15: JACKPOT MYSTERY | D15: 0
B16: ACE VARIANCE | C16: 0 | D16: 0
B17: SPECIAL HANDPAY | D17: -500
B18: TEST RESULT | C18: 0
B20: TOTAL POSITIVE | C20: =C12+D12+D15+D17 -> 2826522.9 | D20: =D15+D16+D17+D18 -> -500
B22: HYBRYD DS RESULT TO COMPARE TO ACE MOVMENT RESULT | C22: =C17+C18+C19+C20 -> 2826522.9
B23: ACE REPORTED revevu RESULT | C23: 0
B24: UNBALANCING VALUE | C24: =C22-C23 -> 2826522.9 | D24: If different to zero, DS cannot balance
B27: METERED BASED RESULTS TO COMPARE TO ACE SYSTEM MOVMENT RESULT
B38: SLOT SHORT (SP)
B39: ACE SLOTS LESS SPECIAL HANDPAY | C39: =C9-C38 -> 2827022.9
B40: KING MYSTERY | C40: 0
B41: QUEEN MYSTERY | C41: 0
B42: JACK MYSTERY | C42: 0
B44: TOTAL MYSTERY JACKPOT | C44: =C40+C41+C42 -> 0
B46: ACE RESULTS | C46: =C39-C44 -> 2827022.9

Sheet 116 (R)
A1: opening meters | E1: closing meters
A2: Machine Brand | B2: EGT | C2: A | E2: Machine Brand | F2: EGT | G2: A
B3: MEGA VISION | F3: MEGA VISION
A4: 1 Credit = $ | B4: 1 | E4: 1 Credit = $ | F4: 1
A6: Machine Number | B6: 116 | E6: Machine Number | F6: =+B6 -> 116
A7: GAME | B7: MULTI GAMES | E7: GAME | F7: MULTI GAMES | H7: RESULTS
A8: TOTAL BET (COIN IN) | E8: TOTAL BET (COIN IN)
A9: TOTAL CASHABLE PLAYED | E9: TOTAL CASHABLE PLAYED
A10: TOTAL PROMOTIONALPLAYED | E10: TOTAL PROMOTIONALPLAYED
A11: TOTAL NONCASHABLE PLAYED | E11: TOTAL NONCASHABLE PLAYED
A13: TOTAL WON | E13: TOTAL WON
A14: TOTAL WINNINGS TO CREDIT | E14: TOTAL WINNINGS TO CREDIT
A15: WINNINGS PAYTABLE(COIN OUT) | E15: WINNINGS PAYTABLE(COIN OUT)
A16: WINNINGS FROM PROGRESSIVES | B16: 0 | E16: WINNINGS FROM PROGRESSIVES | F16: 0
A17: WINNINGS FROM EXTERNAL BONUSES | B17: 0 | E17: WINNINGS FROM EXTERNAL BONUSES | F17: 0
A18: TOTAL WINNINGS PAID BY ATTENDANT | E18: TOTAL WINNINGS PAID BY ATTENDANT
A19: Attendant Paid Paytable | E19: Attendant Paid Paytable
A20: Attedant Paid Progressives | B20: 0 | E20: Attedant Paid Progressives | F20: 0
A21: Attendant Paid External Bonuses | B21: 0 | E21: Attendant Paid External Bonuses | F21: 0
A24: TOTAL IN | E24: TOTAL IN
A25: Physical Coin In | B25: 0 | E25: Physical Coin In | F25: 0
A26: Bill In | B26: 88889 | E26: Bill In | F26: ='116'!$B$30 -> 1482958 | H26: =F26-B26 -> 1394069
A27: Cashless in | B27: 173443.65 | E27: Cashless in | F27: ='116'!$B$31 -> 1007751.9 | H27: =F27-B27 -> 834308.22
B28: 173443.65 | E28: Cashable Electronic in | F28: =F27 -> 1007751.9
A29: KEYED IN | E29: KEYED IN
A30: Promotional Electronic In | B30: 0 | E30: Promotional Electronic In | F30: 0
A31: Non-cashable Voucher In | B31: 0 | E31: Non-cashable Voucher In | F31: 0
B32: 0 | F32: 0 | H32: =+H26+H27-H40 -> 398808.81
A33: TOTAL OUT | E33: TOTAL OUT | H33: =+H26+H27-H36-H40 -> 398505.37
A34: Physical Coin Out | B34: 0 | E34: Physical Coin Out | F34: 0
A35: Total Winnings Paid By Attendant | B35: 45616 | E35: Total Winnings Paid By Attendant | F35: ='116'!$B$43 -> 138284.6 | H35: =F35-B35 -> 92668.6
A36: Cancelled Credits Paid by Attendant | B36: 0 | E36: Cancelled Credits Paid by Attendant | F36: ='116'!$B$44 -> 303.44 | H36: =F36-B36 -> 303.44
A37: VOUCHER OUT | B37: 0 | E37: VOUCHER OUT | F37: 0
A38: Cashable Voucher Out | B38: 0 | E38: Cashable Voucher Out | F38: 0
A39: non-cashable Voucher Out | B39: 0 | E39: non-cashable Voucher Out | F39: 0
A40: CASHLESS OUT | B40: 188090.85 | E40: CASHLESS OUT | F40: ='116'!$B$48 -> 2017659.3 | H40: =F40-B40 -> 1829568.4
A41: Cashable Electronic Out | B41: 188090.85 | E41: Cashable Electronic Out | F41: =F40 -> 2017659.3
A42: Promotional Electronic Out | B42: 0 | E42: Promotional Electronic Out | F42: 0
A43: Non-cashable Electronic Out | B43: 0 | E43: Non-cashable Electronic Out | F43: 0
B44: 0 | F44: 0
A45: TOTAL CANCELLED CREDITS | E45: TOTAL CANCELLED CREDITS
B46: 0 | F46: 0
A47: TOTAL HANDPAY RECEIPT | B47: 0 | E47: TOTAL HANDPAY RECEIPT | F47: =F50 -> 0
A48: Cancelled Credits Receipt | B48: 0 | E48: Cancelled Credits Receipt | F48: 0
A49: Jackpot Receipt | B49: 0 | E49: Jackpot Receipt | F49: 0
B50: 0 | F50: 0
A51: COIN DROP | B51: 0 | E51: COIN DROP | F51: 0
A52: Extra Coins Out | B52: 0 | E52: Extra Coins Out | F52: 0
A53: Hopper Fill | B53: 0 | E53: Hopper Fill | F53: 0
A54: Quantity of Physical Coins In | B54: 0 | E54: Quantity of Physical Coins In | F54: 0
A55: Quantity of Physical Coins Out | B55: 0 | E55: Quantity of Physical Coins Out | F55: 0
A56: Quantity of Physical Coins In Drop | B56: 0 | E56: Quantity of Physical Coins In Drop | F56: 0
B57: 0 | F57: 0
A58: TOTAL GAMES PLAYED | B58: 0 | E58: TOTAL GAMES PLAYED | F58: 0
A59: Total GAMES Won | E59: Total GAMES Won
A60: Total GAMES Lost | E60: Total GAMES Lost
A61: Main Games Lost | E61: Main Games Lost
A62: Games Lost In Double Up | E62: Games Lost In Double Up

Sheet 96 (R)
A1: opening meters | D1: closing meters | L1: AMES WON
A2: Machine Brand | B2: ATRONICS DIVERSITY | C2: A | D2: Machine Brand | E2: ATRONICS DIVERSITY | F2: A
A4: 1 Credit = $ | B4: 1 | D4: 1 Credit = $ | E4: 1
A6: Machine Number | B6: 96 | D6: Machine Number | E6: 96
A7: GAME | B7: Outstanding Orange | D7: GAME | E7: Outstanding Orange | G7: RESULTAT
A8: True In | B8: 65141.4 | D8: True In | E8: ='96'!$B$8 -> 225080.75 | G8: =E8-B8 -> 159939.35 | H8: true in
A9: Physical coin in | D9: Physical coin in
A10: bills in | D10: bills in
A11: Total vaucher in | D11: Total vaucher in
A12: Money wangered | B12: 0 | D12: Money wangered | E12: 0
A13: money won | D13: money won
A14: Hand paid w JP | D14: Hand paid w JP
A15: money played | D15: money played
A16: Money Won (incl Bonus, jcpts) | D16: Money Won (incl Bonus, jcpts)
A17: Money Won (incl prg Bonus, jcpts) | B17: 0 | D17: Money Won (incl prg Bonus, jcpts) | E17: 0
A18: total bonus in | B18: 0 | D18: total bonus in | E18: 0
A19: true out | D19: true out
A20: Physical coin out | D20: Physical coin out
A21: total voucher out | B21: 0 | D21: total voucher out | E21: 0
A22: Total drop | B22: 33649 | D22: Total drop | E22: ='96'!$B$28 -> 87795 | G22: =E22-B22 -> 54146 | H22: bills
A23: total cashless trans in | B23: 31492.4 | D23: total cashless trans in | E23: ='96'!$B$12 -> 137285.75 | G23: =E23-B23 -> 105793.35 | H23: cashless in
A24: hand pay | B24: 0 | D24: hand pay | E24: 0 | G24: =E24-B24 -> 0 | H24: hand pay
A25: total cashless trans out | B25: 50278.66 | D25: total cashless trans out | E25: ='96'!$B$21 -> 180401.48 | G25: =E25-B25 -> 130122.82 | H25: cashless out
A26: Handpay (incl jackpt) | B26: 0 | D26: Handpay (incl jackpt) | E26: 0
A27: jackpot | B27: 0 | D27: jackpot | E27: 0
A28: jackpot (incl progressive jp, bonus) | B28: 0 | D28: jackpot (incl progressive jp, bonus) | E28: 0
A29: Net win (inc progressive jpt) | B29: 0 | D29: Net win (inc progressive jpt) | E29: 0
A30: Net win (inc progressive jpt, bonus) | B30: 0 | D30: Net win (inc progressive jpt, bonus) | E30: 0
A31: total voucher in | B31: 0 | D31: total voucher in | E31: 0
B32: ² | E32: ²

Sheet 43 (R)
A1: opening meters | E1: closing meters
A3: Machine Brand | B3: EGT | C3: A | E3: Machine Brand | F3: EGT | G3: A
B4: MEGA VISION | F4: MEGA VISION
A5: 1 Credit = $ | B5: 1 | E5: 1 Credit = $ | F5: 1
A7: Machine Number | B7: 43 | E7: Machine Number | F7: 43
A8: GAME | B8: MULTI GAMES | E8: GAME | F8: MULTI GAMES | H8: RESULTAT
A9: TOTAL BET (COIN IN) | E9: TOTAL BET (COIN IN)
A10: TOTAL CASHABLE PLAYED | E10: TOTAL CASHABLE PLAYED
A11: TOTAL PROMOTIONALPLAYED | E11: TOTAL PROMOTIONALPLAYED
A12: TOTAL NONCASHABLE PLAYED | E12: TOTAL NONCASHABLE PLAYED
A14: TOTAL WON | E14: TOTAL WON
A15: TOTAL WINNINGS TO CREDIT | E15: TOTAL WINNINGS TO CREDIT
A16: WINNINGS PAYTABLE(COIN OUT) | E16: WINNINGS PAYTABLE(COIN OUT)
A17: WINNINGS FROM PROGRESSIVES | E17: WINNINGS FROM PROGRESSIVES
A18: WINNINGS FROM EXTERNAL BONUSES | E18: WINNINGS FROM EXTERNAL BONUSES
A19: TOTAL WINNINGS PAID BY ATTENDANT | E19: TOTAL WINNINGS PAID BY ATTENDANT
A20: Attendant Paid Paytable | E20: Attendant Paid Paytable | H20: 22.02
A21: Attedant Paid Progressives | E21: Attedant Paid Progressives | H21: 22
A22: Attendant Paid External Bonuses | E22: Attendant Paid External Bonuses
A24: TOTAL IN | E24: TOTAL IN
A25: Physical Coin In | E25: Physical Coin In
A26: Bill In | B26: 2754360 | E26: Bill In | F26: ='43'!$B$26 -> 3055780 | H26: =F26-B26 -> 301420 | I26: =F26-B26 -> 301420
A27: Cashless in | B27: 1506929.4 | E27: Cashless in | F27: ='43'!$B$27 -> 1665674.6 | H27: =F27-B27 -> 158745.22
A28: Cashable Electronic in | E28: Cashable Electronic in
A29: KEYED IN | E29: KEYED IN
A30: Promotional Electronic In | E30: Promotional Electronic In
A31: Non-cashable electronic In | E31: Non-cashable electronic In
A32: VOUCHER IN | E32: VOUCHER IN
A33: Cashable Voucher in | E33: Cashable Voucher in
A34: promotional Voucher in | E34: promotional Voucher in
A35: Non-cashable Voucher in | E35: Non-cashable Voucher in
A37: TOTAL OUT | E37: TOTAL OUT
A38: Physical Coin Out | E38: Physical Coin Out
A39: Total Winnings Paid By Attendant | B39: 121350 | E39: Total Winnings Paid By Attendant | F39: ='43'!$B$39 -> 128850 | H39: =+F39-B39 -> 7500
A40: Cancelled Credits Paid by Attendant | B40: 1634.18 | E40: Cancelled Credits Paid by Attendant | F40: ='43'!$B$40 -> 2188.06 | H40: =+F40-B40 -> 553.88
A41: VOUCHER OUT | B41: 0 | E41: VOUCHER OUT | F41: 0
A42: Cashable Voucher Out | E42: Cashable Voucher Out
A43: non-cashable Voucher Out | B43: 0 | E43: non-cashable Voucher Out | F43: 0
A44: CASHLESS OUT | B44: 3366201.2 | E44: CASHLESS OUT | F44: ='43'!$B$44 -> 3725703.8 | H44: =+F44-B44 -> 359502.56
A45: Cashable Electronic Out | B45: 3366201.2 | E45: Cashable Electronic Out | F45: =$F$44 -> 3725703.8
A46: Promotional Electronic Out | B46: 0 | E46: Promotional Electronic Out | F46: 0
A47: Non-cashable Electronic Out | B47: 0 | E47: Non-cashable Electronic Out | F47: 0
A49: TOTAL CANCELLED CREDITS | E49: TOTAL CANCELLED CREDITS
B50: 0 | F50: 0
A51: TOTAL HANDPAY RECEIPT | B51: 0 | E51: TOTAL HANDPAY RECEIPT | F51: 0
A52: Cancelled Credits Receipt | B52: 0 | E52: Cancelled Credits Receipt | F52: 0
A53: Jackpot Receipt | B53: 0 | E53: Jackpot Receipt | F53: 0
A55: COIN DROP | B55: 0 | E55: COIN DROP | F55: 0
A56: Extra Coins Out | B56: 0 | E56: Extra Coins Out | F56: 0
A57: Hopper Fill | B57: 0 | E57: Hopper Fill | F57: 0
A58: Quantity of Physical Coins In | B58: 0 | E58: Quantity of Physical Coins In | F58: 0
A59: Quantity of Physical Coins Out | B59: 0 | E59: Quantity of Physical Coins Out | F59: 0
A60: Quantity of Physical Coins In Drop | B60: 0 | E60: Quantity of Physical Coins In Drop | F60: 0
A62: TOTAL GAMES PLAYED | E62: TOTAL GAMES PLAYED
A63: Total GAMES Won | E63: Total GAMES Won
A64: Total GAMES Lost | E64: Total GAMES Lost
A65: Main Games Lost | E65: Main Games Lost
A66: Games Lost In Double Up | E66: Games Lost In Double Up

Sheet 111 (R)
A1: opening meters | E1: closing meters
A2: Machine Brand | B2: EGT | C2: A | E2: Machine Brand | F2: EGT | G2: A
B3: MEGA VISION | F3: MEGA VISION
A4: 1 Credit = $ | B4: 1 | E4: 1 Credit = $ | F4: 1
A6: Machine Number | B6: 111 | E6: Machine Number | F6: =+B6 -> 111
A7: GAME | B7: MULTI GAMES | E7: GAME | F7: MULTI GAMES | H7: RESULTAT
A8: TOTAL BET (COIN IN) | E8: TOTAL BET (COIN IN)
A9: TOTAL CASHABLE PLAYED | E9: TOTAL CASHABLE PLAYED
A10: TOTAL PROMOTIONALPLAYED | E10: TOTAL PROMOTIONALPLAYED
A11: TOTAL NONCASHABLE PLAYED | E11: TOTAL NONCASHABLE PLAYED
A13: TOTAL WON | E13: TOTAL WON
A14: TOTAL WINNINGS TO CREDIT | E14: TOTAL WINNINGS TO CREDIT
A15: WINNINGS PAYTABLE(COIN OUT) | E15: WINNINGS PAYTABLE(COIN OUT)
A16: WINNINGS FROM PROGRESSIVES | B16: 0 | E16: WINNINGS FROM PROGRESSIVES | F16: 0
A17: WINNINGS FROM EXTERNAL BONUSES | B17: 0 | E17: WINNINGS FROM EXTERNAL BONUSES | F17: 0
A18: TOTAL WINNINGS PAID BY ATTENDANT | E18: TOTAL WINNINGS PAID BY ATTENDANT
A19: Attendant Paid Paytable | E19: Attendant Paid Paytable
A20: Attedant Paid Progressives | B20: 0 | E20: Attedant Paid Progressives | F20: 0
A21: Attendant Paid External Bonuses | B21: 0 | E21: Attendant Paid External Bonuses | F21: 0
A24: TOTAL IN | E24: TOTAL IN
A25: Physical Coin In | B25: 0 | E25: Physical Coin In | F25: 0
A26: Bill In | B26: 37439 | E26: Bill In | F26: ='111'!$B$30 -> 1095813 | H26: =F26-B26 -> 1058374
A27: Cashless in | B27: 244206.98 | E27: Cashless in | F27: ='111'!$B$31 -> 737217.66 | H27: =F27-B27 -> 493010.68
B28: 244206.98 | E28: Cashable Electronic in | F28: =F27 -> 737217.66
A29: KEYED IN | E29: KEYED IN
A30: Promotional Electronic In | B30: 0 | E30: Promotional Electronic In | F30: 0
A31: Non-cashable Voucher In | B31: 0 | E31: Non-cashable Voucher In | F31: 0
B32: 0 | F32: 0 | H32: =+H26+H27-H40 -> 507783.82
A33: TOTAL OUT | E33: TOTAL OUT | H33: =+H26+H27-H36-H40 -> 507457.1
A34: Physical Coin Out | B34: 0 | E34: Physical Coin Out | F34: 0
A35: Total Winnings Paid By Attendant | B35: 51204.5 | E35: Total Winnings Paid By Attendant | F35: ='111'!$B$18 -> 95324.5 | H35: =F35-B35 -> 44120
A36: Cancelled Credits Paid by Attendant | B36: 0 | E36: Cancelled Credits Paid by Attendant | F36: ='111'!$B$44 -> 326.72 | H36: =F36-B36 -> 326.72
A37: VOUCHER OUT | B37: 0 | E37: VOUCHER OUT | F37: 0
A38: Cashable Voucher Out | B38: 0 | E38: Cashable Voucher Out | F38: 0
A39: non-cashable Voucher Out | B39: 0 | E39: non-cashable Voucher Out | F39: 0
A40: CASHLESS OUT | B40: 283929.98 | E40: CASHLESS OUT | F40: ='111'!$B$48 -> 1327530.8 | H40: =F40-B40 -> 1043600.9
A41: Cashable Electronic Out | B41: 283929.98 | E41: Cashable Electronic Out | F41: =F40 -> 1327530.8

Sheet 91 (R)
A1: Opening Meters | E1: Closing Meters | M1: AMES WON
A2: Machine Brand | B2: ATRONICS DIVERSITY | C2: A | E2: Machine Brand | F2: ATRONICS DIVERSITY | G2: A
A4: 1 Credit = $ | B4: 1 | E4: 1 Credit = $ | F4: 1
A6: Machine Number | B6: 91 | E6: Machine Number | F6: 91
A7: GAME | B7: MAGETA | E7: GAME | F7: MAGETA | H7: RESULTAT
A8: True In | B8: 125156.81 | E8: True In | F8: ='91'!$B$8 -> 306561.96 | H8: =F8-B8 -> 181405.15 | I8: true in
A9: Physical coin in | E9: Physical coin in
A10: bills in | E10: bills in
A11: Total vaucher in | E11: Total vaucher in
A12: Money wangered | B12: 0 | E12: Money wangered | F12: 0
A13: money won | E13: money won
A14: Hand paid w JP | E14: Hand paid w JP
A15: money played | E15: money played
A16: Money Won (incl Bonus, jcpts) | E16: Money Won (incl Bonus, jcpts)
A17: Money Won (incl prg Bonus, jcpts) | B17: 0 | E17: Money Won (incl prg Bonus, jcpts) | F17: 0
A18: total bonus in | B18: 0 | E18: total bonus in | F18: 0
A19: true out | E19: true out
A20: Physical coin out | E20: Physical coin out
A21: total voucher out | B21: 0 | E21: total voucher out | F21: 0
A22: Total cashless trans out | B22: 110706.14 | E22: Total cashless trans out | F22: ='91'!$B$21 -> 257514.77 | H22: =F22-B22 -> 146808.63 | I22: cashless out
A23: hand pay | B23: 0 | E23: hand pay | F23: 0
A24: Handpay (incl jackpt) | B24: 0 | E24: Handpay (incl jackpt) | F24: 0
A25: jackpot | B25: 0 | E25: jackpot | F25: 0
A26: jackpot (incl progressive jp, bonus) | B26: 0 | E26: jackpot (incl progressive jp, bonus) | F26: 0
A27: Net win (inc progressive jpt) | B27: 0 | E27: Net win (inc progressive jpt) | F27: 0
A28: Net win (inc progressive jpt, bonus) | B28: 0 | E28: Net win (inc progressive jpt, bonus) | F28: 0
A29: total voucher in | B29: 0 | E29: total voucher in | F29: 0
A30: total cashless trans in | B30: 69951.81 | E30: total cashless trans in | F30: ='91'!$B$12 -> 157813.96 | H30: =F30-B30 -> 87862.15 | I30: cashless in
A31: Total drop | B31: 55205 | E31: Total drop | F31: ='91'!$B$28 -> 148748 | H31: =F31-B31 -> 93543 | I31: bills
H33: =F22-F31 -> 108766.77

Sheet 40 (R)
A1: opening meters | E1: CLOSING METERS
A3: Machine Brand | B3: EGT | C3: A | E3: Machine Brand | F3: EGT | G3: A
B4: MEGA VISION | F4: MEGA VISION
A5: 1 Credit = $ | B5: 1 | E5: 1 Credit = $ | F5: 1
A7: Machine Number | B7: 40 | E7: Machine Number | F7: 40
A8: GAME | B8: MULTI GAMES | E8: GAME | F8: MULTI GAMES | H8: RESULTAT
A9: TOTAL BET (COIN IN) | E9: TOTAL BET (COIN IN)
A10: TOTAL CASHABLE PLAYED | E10: TOTAL CASHABLE PLAYED
A11: TOTAL PROMOTIONALPLAYED | E11: TOTAL PROMOTIONALPLAYED
A12: TOTAL NONCASHABLE PLAYED | E12: TOTAL NONCASHABLE PLAYED
A14: TOTAL WON | E14: TOTAL WON
A15: TOTAL WINNINGS TO CREDIT | E15: TOTAL WINNINGS TO CREDIT | H15: 1
A16: WINNINGS PAYTABLE(COIN OUT) | E16: WINNINGS PAYTABLE(COIN OUT)
A17: WINNINGS FROM PROGRESSIVES | E17: WINNINGS FROM PROGRESSIVES
A18: WINNINGS FROM EXTERNAL BONUSES | E18: WINNINGS FROM EXTERNAL BONUSES
A19: TOTAL WINNINGS PAID BY ATTENDANT | E19: TOTAL WINNINGS PAID BY ATTENDANT
A20: Attendant Paid Paytable | E20: Attendant Paid Paytable
A21: Attedant Paid Progressives | E21: Attedant Paid Progressives
A22: Attendant Paid External Bonuses | E22: Attendant Paid External Bonuses
A23: THEORETICAL RTP% | E23: THEORETICAL RTP%
A25: TOTAL IN | E25: TOTAL IN
A26: Physical Coin In | E26: Physical Coin In
A27: Bill In | B27: 2778310 | E27: Bill In | F27: ='40'!$B$26 -> 3116190 | H27: =F27-B27 -> 337880 | K27: =H27+H28-H46 -> 118180.12
A28: Cashless in | B28: 1263144.4 | E28: Cashless in | F28: ='40'!$B$27 -> 1379111.9 | H28: =F28-B28 -> 115967.46
A29: Cashable Electronic in | E29: Cashable Electronic in | K29: =K27-K28 -> 118180.12
A30: KEYED IN | E30: KEYED IN
A31: Promotional Electronic In | E31: Promotional Electronic In
A32: Non-cashable Electronic In | B32: 0 | E32: Non-cashable Electronic In | F32: 0
B33: 0 | F33: 0
A34: VOUCHER IN | B34: 0 | E34: VOUCHER IN | F34: 0
A35: Cashable Voucher in | B35: 0 | E35: Cashable Voucher in | F35: 0
A36: promotional Voucher in | B36: 0 | E36: promotional Voucher in | F36: 0 | J36: 1973
A37: Non-cashable Voucher in | B37: 0 | E37: Non-cashable Voucher in | F37: 0
A39: TOTAL OUT | E39: TOTAL OUT
A40: Physical Coin Out | B40: 0 | E40: Physical Coin Out | F40: 0
A41: Total Winnings Paid By Attendant | B41: 61188 | E41: Total Winnings Paid By Attendant | F41: ='40'!$B$18 -> 61188 | H41: =+F41-B41 -> 0
A42: cancelled credits paid by attendant | B42: 1783.16 | E42: cancelled credits paid by attendant | F42: ='40'!$B$41 -> 2880.64 | H42: =+F42-B42 -> 1097.48
A43: VOUCHER OUT | B43: 0 | E43: VOUCHER OUT | F43: 0
A44: Cashable Voucher Out | B44: 0 | E44: Cashable Voucher Out | F44: 0 | L44: 3
A45: non-cashable Voucher Out | E45: non-cashable Voucher Out
A46: CASHLESS OUT | B46: 3328171.2 | E46: CASHLESS OUT | F46: ='40'!$B$45 -> 3663838.6 | H46: =F46-B46 -> 335667.34
A47: Cashable Electronic Out | B47: 3328171.2 | E47: Cashable Electronic Out | F47: =F46 -> 3663838.6
A48: Promotional Electronic Out | B48: 0 | E48: Promotional Electronic Out | F48: 0
A49: Non-cashable Electronic Out | B49: 0 | E49: Non-cashable Electronic Out | F49: 0
A51: TOTAL CANCELLED CREDITS | E51: TOTAL CANCELLED CREDITS
A53: TOTAL HANDPAY RECEIPT | B53: 0 | E53: TOTAL HANDPAY RECEIPT | F53: 0
A54: Cancelled Credits Receipt | B54: 0 | E54: Cancelled Credits Receipt | F54: 0
A55: Jackpot Receipt | B55: 0 | E55: Jackpot Receipt | F55: 0
A57: COIN DROP | B57: 0 | E57: COIN DROP | F57: 0
A58: Extra Coins Out | B58: 0 | E58: Extra Coins Out | F58: 0
A59: Hopper Fill | B59: 0 | E59: Hopper Fill | F59: 0
A60: Quantity of Physical Coins In | B60: 0 | E60: Quantity of Physical Coins In | F60: 0
A61: Quantity of Physical Coins Out | B61: 0 | E61: Quantity of Physical Coins Out | F61: 0
A62: Quantity of Physical Coins In Drop | B62: 0 | E62: Quantity of Physical Coins In Drop | F62: 0
A64: TOTAL GAMES PLAYED | E64: TOTAL GAMES PLAYED
A65: Total GAMES Won | E65: Total GAMES Won
A66: Total GAMES Lost | E66: Total GAMES Lost
A67: Main Games Lost | E67: Main Games Lost
A68: Games Lost In Double Up | E68: Games Lost In Double Up

Sheet 92 (R)
A1: opening meters | E1: closing meters | M1: AMES WON
A2: Machine Brand | B2: ATRONICS DIVERSITY | C2: A | E2: Machine Brand | F2: ATRONICS DIVERSITY | G2: A
A4: 1 Credit = $ | B4: 1 | E4: 1 Credit = $ | F4: 1
A6: Machine Number | B6: 92 | E6: Machine Number | F6: 92
A7: GAME | B7: legendary classics | E7: GAME | F7: legendary classics | H7: RESULTAT
A8: True In | B8: 76695.06 | E8: True In | F8: ='92'!$B$8 -> 238365.69 | H8: =F8-B8 -> 161670.63 | I8: true in
A9: Physical coin in | E9: Physical coin in
A10: bills in | E10: bills in
A11: Total vaucher in | E11: Total vaucher in
A12: Money wangered | B12: 0 | E12: Money wangered | F12: 0
A13: money won | E13: money won
A14: Hand paid w JP | E14: Hand paid w JP
A15: money played | E15: money played
A16: Money Won (incl Bonus, jcpts) | E16: Money Won (incl Bonus, jcpts)
A17: Money Won (incl prg Bonus, jcpts) | B17: 0 | E17: Money Won (incl prg Bonus, jcpts) | F17: 0
A18: total bonus in | B18: 0 | E18: total bonus in | F18: 0
A19: true out | E19: true out
A20: Physical coin out | E20: Physical coin out
A21: total voucher out | B21: 0 | E21: total voucher out | F21: 0
A22: Total drop | B22: 44413 | E22: Total drop | F22: ='92'!$B$28 -> 127211 | H22: =F22-B22 -> 82798 | I22: bills
A23: total cashless trans in | B23: 32282.06 | E23: total cashless trans in | F23: ='92'!$B$12 -> 111154.69 | H23: =F23-B23 -> 78872.63 | I23: cashless in
A24: Net win (inc progressive jpt) | B24: 0 | E24: Net win (inc progressive jpt) | F24: 0
A25: Net win (inc progressive jpt, bonus) | B25: 0 | E25: Net win (inc progressive jpt, bonus) | F25: 0
A26: total voucher in | B26: 0 | E26: total voucher in | F26: 0
A27: total cashless trans out | B27: 56035.84 | E27: total cashless trans out | F27: ='92'!$B$21 -> 186522.83 | H27: =F27-B27 -> 130486.99 | I27: cashless out
A28: hand pay | B28: 0 | E28: hand pay | F28: 0 | H28: =+H8-H27 -> 31183.64
A29: Handpay (incl jackpt) | B29: 0 | E29: Handpay (incl jackpt) | F29: 0
A30: jackpot | B30: 0 | E30: jackpot | F30: 0
A31: jackpot (incl progressive jp, bonus) | B31: 0 | E31: jackpot (incl progressive jp, bonus) | F31: 0

Sheet 117 (R)
A1: opening meters | D1: closing meters
A2: Machine Brand | B2: EGT | C2: A | D2: Machine Brand | E2: EGT | F2: A
B3: MEGA VISION | E3: MEGA VISION
A4: 1 Credit = $ | B4: 1 | D4: 1 Credit = $ | E4: 1
A6: Machine Number | B6: 117 | D6: Machine Number | E6: =+B6 -> 117
A7: GAME | B7: MULTI GAMES | D7: GAME | E7: MULTI GAMES | G7: RESULTAT
A8: TOTAL BET (COIN IN) | D8: TOTAL BET (COIN IN)
A9: TOTAL CASHABLE PLAYED | D9: TOTAL CASHABLE PLAYED
A10: TOTAL PROMOTIONALPLAYED | D10: TOTAL PROMOTIONALPLAYED
A11: TOTAL NONCASHABLE PLAYED | D11: TOTAL NONCASHABLE PLAYED
A13: TOTAL WON | D13: TOTAL WON
A14: TOTAL WINNINGS TO CREDIT | D14: TOTAL WINNINGS TO CREDIT
A15: WINNINGS PAYTABLE(COIN OUT) | D15: WINNINGS PAYTABLE(COIN OUT)
A16: WINNINGS FROM PROGRESSIVES | B16: 0 | D16: WINNINGS FROM PROGRESSIVES | E16: 0
A17: WINNINGS FROM EXTERNAL BONUSES | B17: 0 | D17: WINNINGS FROM EXTERNAL BONUSES | E17: 0
A18: TOTAL WINNINGS PAID BY ATTENDANT | D18: TOTAL WINNINGS PAID BY ATTENDANT
A19: Attendant Paid Paytable | D19: Attendant Paid Paytable
A20: Attedant Paid Progressives | B20: 0 | D20: Attedant Paid Progressives | E20: 0
A21: Attendant Paid External Bonuses | B21: 0 | D21: Attendant Paid External Bonuses | E21: 0
A24: TOTAL IN | D24: TOTAL IN
A25: Physical Coin In | B25: 0 | D25: Physical Coin In | E25: 0
A26: Bill In | B26: 62713 | D26: Bill In | E26: ='117'!$B$30 -> 1118490 | G26: =E26-B26 -> 1055777
A27: Cashless in | B27: 103745.93 | D27: Cashless in | E27: ='117'!$B$31 -> 820756.05 | G27: =E27-B27 -> 717010.12
B28: 103745.93 | D28: Cashable Electronic in | E28: =E27 -> 820756.05
A29: KEYED IN | D29: KEYED IN
A30: Promotional Electronic In | B30: 0 | D30: Promotional Electronic In | E30: 0
A31: Non-cashable Voucher In | B31: 0 | D31: Non-cashable Voucher In | E31: 0
B32: 0 | E32: 0 | G32: =+G26+G27-G40 -> 341888.97
A33: TOTAL OUT | D33: TOTAL OUT | G33: =+G26+G27-G36-G40 -> 340798.62
A34: Physical Coin Out | B34: 0 | D34: Physical Coin Out | E34: 0
A35: Total Winnings Paid By Attendant | B35: 20646 | D35: Total Winnings Paid By Attendant | E35: ='117'!$B$43 -> 102028 | G35: =E35-B35 -> 81382
A36: Cancelled Credits Paid by Attendant | B36: 0.02 | D36: Cancelled Credits Paid by Attendant | E36: ='117'!$B$44 -> 1090.37 | G36: =E36-B36 -> 1090.35
A37: VOUCHER OUT | B37: 0 | D37: VOUCHER OUT | E37: 0
A38: Cashable Voucher Out | B38: 0 | D38: Cashable Voucher Out | E38: 0
A39: non-cashable Voucher Out | B39: 0 | D39: non-cashable Voucher Out | E39: 0
A40: CASHLESS OUT | B40: 90800.93 | D40: CASHLESS OUT | E40: ='117'!$B$48 -> 1521699.1 | G40: =E40-B40 -> 1430898.2
A41: Cashable Electronic Out | B41: 90800.93 | D41: Cashable Electronic Out | E41: =E40 -> 1521699.1
A42: Promotional Electronic Out | B42: 0 | D42: Promotional Electronic Out | E42: 0
A43: Non-cashable Electronic Out | B43: 0 | D43: Non-cashable Electronic Out | E43: 0
B44: 0 | E44: 0
A45: TOTAL CANCELLED CREDITS | D45: TOTAL CANCELLED CREDITS
B46: 0 | E46: 0
A47: TOTAL HANDPAY RECEIPT | B47: 0 | D47: TOTAL HANDPAY RECEIPT | E47: =E50 -> 0
A48: Cancelled Credits Receipt | B48: 0 | D48: Cancelled Credits Receipt | E48: 0
A49: Jackpot Receipt | B49: 0 | D49: Jackpot Receipt | E49: 0
B50: 0 | E50: 0
A51: COIN DROP | B51: 0 | D51: COIN DROP | E51: 0
A52: Extra Coins Out | B52: 0 | D52: Extra Coins Out | E52: 0
A53: Hopper Fill | B53: 0 | D53: Hopper Fill | E53: 0
A54: Quantity of Physical Coins In | B54: 0 | D54: Quantity of Physical Coins In | E54: 0
A55: Quantity of Physical Coins Out | B55: 0 | D55: Quantity of Physical Coins Out | E55: 0
A56: Quantity of Physical Coins In Drop | B56: 0 | D56: Quantity of Physical Coins In Drop | E56: 0
B57: 0 | E57: 0
A58: TOTAL GAMES PLAYED | B58: 0 | D58: TOTAL GAMES PLAYED | E58: 0
A59: Total GAMES Won | D59: Total GAMES Won
A60: Total GAMES Lost | D60: Total GAMES Lost
A61: Main Games Lost | D61: Main Games Lost
A62: Games Lost In Double Up | D62: Games Lost In Double Up

Sheet 41 (R)
A1: opening meters | D1: CLOSING METERS
A3: Machine Brand | B3: EGT | C3: A | D3: Machine Brand | E3: EGT | F3: A
B4: MEGA VISION | E4: MEGA VISION
A5: 1 Credit = $ | B5: 1 | D5: 1 Credit = $ | E5: 1
A7: Machine Number | B7: 41 | D7: Machine Number | E7: 41
A8: GAME | B8: MULTI GAMES | D8: GAME | E8: MULTI GAMES | G8: RESULTAT
A9: TOTAL BET (COIN IN) | D9: TOTAL BET (COIN IN)
A10: TOTAL CASHABLE PLAYED | D10: TOTAL CASHABLE PLAYED
A11: TOTAL PROMOTIONALPLAYED | D11: TOTAL PROMOTIONALPLAYED
A12: TOTAL NONCASHABLE PLAYED | D12: TOTAL NONCASHABLE PLAYED
A14: TOTAL WON | D14: TOTAL WON
A15: TOTAL WINNINGS TO CREDIT | D15: TOTAL WINNINGS TO CREDIT
A16: WINNINGS PAYTABLE(COIN OUT) | D16: WINNINGS PAYTABLE(COIN OUT)
A17: WINNINGS FROM PROGRESSIVES | D17: WINNINGS FROM PROGRESSIVES
A18: WINNINGS FROM EXTERNAL BONUSES | D18: WINNINGS FROM EXTERNAL BONUSES
A19: TOTAL WINNINGS PAID BY ATTENDANT | D19: TOTAL WINNINGS PAID BY ATTENDANT
A20: Attendant Paid Paytable | D20: Attendant Paid Paytable
A21: Attedant Paid Progressives | D21: Attedant Paid Progressives
A22: Attendant Paid External Bonuses
A25: TOTAL IN | D25: TOTAL IN
A26: Physical Coin In | D26: Physical Coin In
A27: Bill In | B27: 2931235 | D27: Bill In | E27: ='41'!$B$25 -> 3199850 | G27: =E27-B27 -> 268615
A28: Cashless in | B28: 1170180.7 | D28: Cashless in | E28: ='41'!$B$26 -> 1285442.1 | G28: =E28-B28 -> 115261.48
A29: Cashable Electronic in | B29: , | D29: Cashable Electronic in | E29: ,
A30: KEYED IN | D30: KEYED IN
A31: Promotional Electronic In | B31: 0 | D31: Promotional Electronic In | E31: 0
A32: Non-cashableElectronic in In | B32: 0 | D32: Non-cashableElectronic in In | E32: 0
A33: VOUCHER IN | B33: 0 | D33: VOUCHER IN | E33: 0
A34: Cashable Voucher in | B34: 0 | D34: Cashable Voucher in | E34: 0
A35: promotional Voucher in | B35: 0 | D35: promotional Voucher in | E35: 0
A36: Non-cashable Voucher in | B36: 0 | D36: Non-cashable Voucher in | E36: 0
A38: TOTAL OUT | D38: TOTAL OUT
A39: Physical Coin Out | B39: 0 | D39: Physical Coin Out | E39: 0
A40: Total Winnings Paid By Attendant | B40: 32962 | D40: Total Winnings Paid By Attendant | E40: ='41'!$B$38 -> 32962 | G40: =+E40-B40 -> 0
A41: cancelled credits paid by attentant | B41: 2410.13 | D41: cancelled credits paid by attentant | E41: ='41'!$B$39 -> 2515.53 | G41: =+E41-B41 -> 105.4
A43: VOUCHER OUT | B43: 0 | D43: VOUCHER OUT | E43: 0
A44: Cashable Voucher Out | B44: 0 | D44: Cashable Voucher Out | E44: 0
A45: non-cashable Voucher Out | B45: 0 | D45: non-cashable Voucher Out | E45: 0
A46: CASHLESS OUT | B46: 3269221.9 | D46: CASHLESS OUT | E46: ='41'!$B$44 -> 3585414.4 | G46: =E46-B46 -> 316192.49
A47: Cashable Electronic Out | B47: 3269221.9 | D47: Cashable Electronic Out | E47: =E46 -> 3585414.4
A48: Promotional Electronic Out | D48: Promotional Electronic Out
A49: Non-cashable Electronic Out | B49: 0 | D49: Non-cashable Electronic Out | E49: 0
A51: TOTAL CANCELLED CREDITS | D51: TOTAL CANCELLED CREDITS
A53: TOTAL HANDPAY RECEIPT | B53: 0 | D53: TOTAL HANDPAY RECEIPT | E53: 0
A54: Cancelled Credits Receipt | B54: 0 | D54: Cancelled Credits Receipt | E54: 0
A55: Jackpot Receipt | B55: 0 | D55: Jackpot Receipt | E55: 0
A57: COIN DROP | B57: 0 | D57: COIN DROP | E57: 0
A58: Extra Coins Out | B58: 0 | D58: Extra Coins Out | E58: 0
A59: Hopper Fill | B59: 0 | D59: Hopper Fill | E59: 0
A60: Quantity of Physical Coins In | B60: 0 | D60: Quantity of Physical Coins In | E60: 0
A61: Quantity of Physical Coins Out | B61: 0 | D61: Quantity of Physical Coins Out | E61: 0
A62: Quantity of Physical Coins In Drop | B62: 0 | D62: Quantity of Physical Coins In Drop | E62: 0
A64: TOTAL GAMES PLAYED | D64: TOTAL GAMES PLAYED
A65: Total GAMES Won | D65: Total GAMES Won
A66: Total GAMES Lost | D66: Total GAMES Lost
A67: Main Games Lost | D67: Main Games Lost
A68: Games Lost In Double Up | D68: Games Lost In Double Up

Sheet 112 (R)
A1: opening meters | E1: closing meters
A2: Machine Brand | B2: EGT | C2: A | E2: Machine Brand | F2: EGT | G2: A
B3: MEGA VISION | F3: MEGA VISION
A4: 1 Credit = $ | B4: 1 | E4: 1 Credit = $ | F4: 1
A6: Machine Number | B6: 112 | E6: Machine Number | F6: =+B6 -> 112
A7: GAME | B7: MULTI GAMES | E7: GAME | F7: MULTI GAMES | H7: RESULTAT
A8: TOTAL BET (COIN IN) | E8: TOTAL BET (COIN IN)
A9: TOTAL CASHABLE PLAYED | E9: TOTAL CASHABLE PLAYED
A10: TOTAL PROMOTIONALPLAYED | E10: TOTAL PROMOTIONALPLAYED
A11: TOTAL NONCASHABLE PLAYED | E11: TOTAL NONCASHABLE PLAYED
A13: TOTAL WON | E13: TOTAL WON
A14: TOTAL WINNINGS TO CREDIT | E14: TOTAL WINNINGS TO CREDIT
A15: WINNINGS PAYTABLE(COIN OUT) | E15: WINNINGS PAYTABLE(COIN OUT)
A16: WINNINGS FROM PROGRESSIVES | B16: 0 | E16: WINNINGS FROM PROGRESSIVES | F16: 0
A17: WINNINGS FROM EXTERNAL BONUSES | B17: 0 | E17: WINNINGS FROM EXTERNAL BONUSES | F17: 0
A18: TOTAL WINNINGS PAID BY ATTENDANT | E18: TOTAL WINNINGS PAID BY ATTENDANT
A19: Attendant Paid Paytable | E19: Attendant Paid Paytable
A20: Attedant Paid Progressives | B20: 0 | E20: Attedant Paid Progressives | F20: 0
A21: Attendant Paid External Bonuses | B21: 0 | E21: Attendant Paid External Bonuses | F21: 0
A24: TOTAL IN | E24: TOTAL IN
A25: Physical Coin In | B25: 0 | E25: Physical Coin In | F25: 0
A26: Bill In | B26: 76850 | E26: Bill In | F26: ='112'!$B$30 -> 851714 | H26: =F26-B26 -> 774864
A27: Cashless in | B27: 84976.39 | E27: Cashless in | F27: ='112'!$B$31 -> 679874.32 | H27: =F27-B27 -> 594897.93
B28: 84976.39 | E28: Cashable Electronic in | F28: =F27 -> 679874.32
A29: KEYED IN | E29: KEYED IN
A30: Promotional Electronic In | B30: 0 | E30: Promotional Electronic In | F30: 0
A31: Non-cashable Voucher In | B31: 0 | E31: Non-cashable Voucher In | F31: 0
B32: 0 | F32: 0 | H32: =+H26+H27-H39 -> 252062.17
A33: TOTAL OUT | E33: TOTAL OUT | H33: =+H26+H27-H36-H39 -> 251758.98
A34: Physical Coin Out | B34: 0 | E34: Physical Coin Out | F34: 0
A35: Total Winnings Paid By Attendant | B35: 15365 | E35: Total Winnings Paid By Attendant | F35: ='112'!$B$43 -> 76742.5 | H35: =F35-B35 -> 61377.5
A36: Cancelled Credits Paid by Attendant | B36: 244.7 | E36: Cancelled Credits Paid by Attendant | F36: ='112'!$B$44 -> 547.89 | H36: =F36-B36 -> 303.19
A37: VOUCHER OUT | B37: 0 | E37: VOUCHER OUT | F37: 0
A38: non-cashable Voucher Out | B38: 0 | E38: non-cashable Voucher Out | F38: 0
A39: CASHLESS OUT | B39: 102838.69 | E39: CASHLESS OUT | F39: ='112'!$B$48 -> 1220538.4 | H39: =F39-B39 -> 1117699.8
A40: Cashable Electronic Out | B40: 102838.69 | E40: Cashable Electronic Out | F40: =F39 -> 1220538.4
A41: Promotional Electronic Out | B41: 0 | E41: Promotional Electronic Out | F41: 0
A42: Non-cashable Electronic Out | B42: 0 | E42: Non-cashable Electronic Out | F42: 0
B43: 0 | F43: 0
A44: TOTAL CANCELLED CREDITS | E44: TOTAL CANCELLED CREDITS
B45: 0 | F45: 0
A46: TOTAL HANDPAY RECEIPT | B46: 0 | E46: TOTAL HANDPAY RECEIPT | F46: =F49 -> 0
A47: Cancelled Credits Receipt | B47: 0 | E47: Cancelled Credits Receipt | F47: 0
A48: Jackpot Receipt | B48: 0 | E48: Jackpot Receipt | F48: 0
B49: 0 | F49: 0
A50: COIN DROP | B50: 0 | E50: COIN DROP | F50: 0
A51: Extra Coins Out | B51: 0 | E51: Extra Coins Out | F51: 0
A52: Hopper Fill | B52: 0 | E52: Hopper Fill | F52: 0
A53: Quantity of Physical Coins In | B53: 0 | E53: Quantity of Physical Coins In | F53: 0
A54: Quantity of Physical Coins Out | B54: 0 | E54: Quantity of Physical Coins Out | F54: 0
A55: Quantity of Physical Coins In Drop | B55: 0 | E55: Quantity of Physical Coins In Drop | F55: 0
B56: 0 | F56: 0
A57: TOTAL GAMES PLAYED | B57: 0 | E57: TOTAL GAMES PLAYED | F57: 0
A58: Total GAMES Won | E58: Total GAMES Won
A59: Total GAMES Lost | E59: Total GAMES Lost
A60: Main Games Lost | E60: Main Games Lost
A61: Games Lost In Double Up | E61: Games Lost In Double Up

Sheet 118 (R)
A1: opening meters | E1: closing meters
A2: Machine Brand | B2: EGT | C2: A | E2: Machine Brand | F2: EGT | G2: A
B3: MEGA VISION | F3: MEGA VISION
A4: 1 Credit = $ | B4: 1 | E4: 1 Credit = $ | F4: 1
A6: Machine Number | B6: 118 | E6: Machine Number | F6: =+B6 -> 118
A7: GAME | B7: MULTI GAMES | E7: GAME | F7: MULTI GAMES | H7: RESULTAT
A8: TOTAL BET (COIN IN) | E8: TOTAL BET (COIN IN)
A9: TOTAL CASHABLE PLAYED | E9: TOTAL CASHABLE PLAYED
A10: TOTAL PROMOTIONALPLAYED | E10: TOTAL PROMOTIONALPLAYED
A11: TOTAL NONCASHABLE PLAYED | E11: TOTAL NONCASHABLE PLAYED
A13: TOTAL WON | E13: TOTAL WON
A14: TOTAL WINNINGS TO CREDIT | E14: TOTAL WINNINGS TO CREDIT
A15: WINNINGS PAYTABLE(COIN OUT) | E15: WINNINGS PAYTABLE(COIN OUT)
A16: WINNINGS FROM PROGRESSIVES | B16: 0 | E16: WINNINGS FROM PROGRESSIVES | F16: 0
A17: WINNINGS FROM EXTERNAL BONUSES | B17: 0 | E17: WINNINGS FROM EXTERNAL BONUSES | F17: 0
A18: TOTAL WINNINGS PAID BY ATTENDANT | E18: TOTAL WINNINGS PAID BY ATTENDANT
A19: Attendant Paid Paytable | E19: Attendant Paid Paytable
A20: Attedant Paid Progressives | B20: 0 | E20: Attedant Paid Progressives | F20: 0
A21: Attendant Paid External Bonuses | B21: 0 | E21: Attendant Paid External Bonuses | F21: 0
A24: TOTAL IN | E24: TOTAL IN
A25: Physical Coin In | B25: 0 | E25: Physical Coin In | F25: 0
A26: Bill In | B26: 83389 | E26: Bill In | F26: ='118'!$B$30 -> 787854 | H26: =F26-B26 -> 704465
A27: Cashless in | B27: 131692.69 | E27: Cashless in | F27: ='118'!$B$31 -> 526712.81 | H27: =F27-B27 -> 395020.12
B28: 131692.69 | E28: Cashable Electronic in | F28: =F27 -> 526712.81
A29: KEYED IN | E29: KEYED IN
A30: Promotional Electronic In | B30: 0 | E30: Promotional Electronic In | F30: 0
A31: Non-cashable Voucher In | B31: 0 | E31: Non-cashable Voucher In | F31: 0
B32: 0 | F32: 0 | H32: =+H26+H27-H39 -> 217154.96
A33: TOTAL OUT | E33: TOTAL OUT | H33: =+H26+H27-H36-H39 -> 216033.48
A34: Physical Coin Out | B34: 0 | E34: Physical Coin Out | F34: 0
A35: Total Winnings Paid By Attendant | B35: 97805 | E35: Total Winnings Paid By Attendant | F35: ='118'!$B$43 -> 131182 | H35: =F35-B35 -> 33377
A36: Cancelled Credits Paid by Attendant | B36: 0 | E36: Cancelled Credits Paid by Attendant | F36: ='118'!$B$44 -> 1121.48 | H36: =F36-B36 -> 1121.48
A37: VOUCHER OUT | B37: 0 | E37: VOUCHER OUT | F37: 0
A38: non-cashable Voucher Out | B38: 0 | E38: non-cashable Voucher Out | F38: 0
A39: CASHLESS OUT | B39: 137863.68 | E39: CASHLESS OUT | F39: ='118'!$B$48 -> 1020193.8 | H39: =F39-B39 -> 882330.16
A40: Cashable Electronic Out | B40: 137863.68 | E40: Cashable Electronic Out | F40: =F39 -> 1020193.8
A41: Promotional Electronic Out | B41: 0 | E41: Promotional Electronic Out | F41: 0
A42: Non-cashable Electronic Out | B42: 0 | E42: Non-cashable Electronic Out | F42: 0
B43: 0 | F43: 0
A44: TOTAL CANCELLED CREDITS | E44: TOTAL CANCELLED CREDITS
B45: 0 | F45: 0
A46: TOTAL HANDPAY RECEIPT | B46: 0 | E46: TOTAL HANDPAY RECEIPT | F46: =F49 -> 0
A47: Cancelled Credits Receipt | B47: 0 | E47: Cancelled Credits Receipt | F47: 0
A48: Jackpot Receipt | B48: 0 | E48: Jackpot Receipt | F48: 0
B49: 0 | F49: 0
A50: COIN DROP | B50: 0 | E50: COIN DROP | F50: 0
A51: Extra Coins Out | B51: 0 | E51: Extra Coins Out | F51: 0
A52: Hopper Fill | B52: 0 | E52: Hopper Fill | F52: 0
A53: Quantity of Physical Coins In | B53: 0 | E53: Quantity of Physical Coins In | F53: 0
A54: Quantity of Physical Coins Out | B54: 0 | E54: Quantity of Physical Coins Out | F54: 0
A55: Quantity of Physical Coins In Drop | B55: 0 | E55: Quantity of Physical Coins In Drop | F55: 0
B56: 0 | F56: 0
A57: TOTAL GAMES PLAYED | B57: 0 | E57: TOTAL GAMES PLAYED | F57: 0
A58: Total GAMES Won | E58: Total GAMES Won
A59: Total GAMES Lost | E59: Total GAMES Lost
A60: Main Games Lost | E60: Main Games Lost
A61: Games Lost In Double Up | E61: Games Lost In Double Up

Sheet 95 (R)
A1: opening meters | E1: closing meters
A2: Machine Brand | B2: ATRONICS DIVERSITY | C2: A | E2: Machine Brand | F2: ATRONICS DIVERSITY | G2: A
A4: 1 Credit = $ | B4: 1 | E4: 1 Credit = $ | F4: 1
A6: Machine Number | B6: 95 | E6: Machine Number | F6: 95
A7: GAME | B7: AMAZING AMBER | E7: GAME | F7: =B7 -> AMAZING AMBER | H7: RESULTAT
A8: True In | B8: 33786.51 | E8: True In | F8: ='95'!$B$8 -> 206191.71 | H8: =F8-B8 -> 172405.2 | I8: true in
A9: Physical coin in | E9: Physical coin in
A10: bills in | E10: bills in | I10: 20
A11: Total vaucher in | E11: Total vaucher in
A12: Money wangered | B12: 0 | E12: Money wangered | F12: 0
A13: money won | E13: money won
A14: Hand paid w JP | E14: Hand paid w JP
A15: money played | E15: money played
A16: Money Won (incl Bonus, jcpts) | E16: Money Won (incl Bonus, jcpts)
A17: Money Won (incl prg Bonus, jcpts) | B17: 0 | E17: Money Won (incl prg Bonus, jcpts) | F17: 0
A18: total bonus in | B18: 0 | E18: total bonus in | F18: 0
A19: true out | E19: true out
A20: Physical coin out | E20: Physical coin out
A21: total voucher out | B21: 0 | E21: total voucher out | F21: 0
A22: total cashless trans out | B22: 30578.52 | E22: total cashless trans out | F22: ='95'!$B$21 -> 169686.99 | H22: =F22-B22 -> 139108.47 | I22: cashless out
A23: hand pay | B23: 186 | E23: hand pay | F23: 186 | H23: =F23-B23 -> 0 | I23: cashless out
A24: Handpay (incl jackpt) | B24: 0 | E24: Handpay (incl jackpt) | F24: 0 | H24: =F24-B24 -> 0
A25: jackpot | B25: 0 | E25: jackpot | F25: 0
A26: jackpot (incl progressive jp, bonus) | B26: 0 | E26: jackpot (incl progressive jp, bonus) | F26: 0
A27: Net win (inc progressive jpt) | B27: 0 | E27: Net win (inc progressive jpt) | F27: 0
A28: Net win (inc progressive jpt, bonus) | B28: 0 | E28: Net win (inc progressive jpt, bonus) | F28: 0
A29: total voucher in | B29: 0 | E29: total voucher in | F29: 0
A30: total cashless trans in | B30: 10644.51 | E30: total cashless trans in | F30: ='95'!$B$12 -> 59733.71 | H30: =F30-B30 -> 49089.2 | I30: cashless in
A31: Total drop | B31: 23142 | E31: Total drop | F31: ='95'!$B$28 -> 146458 | H31: =F31-B31 -> 123316 | I31: bills

Sheet 35 (R)
A1: opening meters | E1: closing meters
A2: Machine Brand | B2: IGT | C2: A | E2: Machine Brand | F2: IGT | G2: A
B3: VIDEO POKER | F3: VIDEO POKER
A4: 1 Credit = $ | B4: 1 | E4: 1 Credit = $ | F4: 1
A6: Machine Number | B6: 35 | E6: Machine Number | F6: 35
A7: GAME | B7: VIDEO POKER | E7: GAME | F7: VIDEO POKER | H7: RESULTAT
A8: CREDIT IN | E8: CREDIT IN
A9: PHYSICAL COINS IN | E9: PHYSICAL COINS IN
A10: COINS OUT | E10: COINS OUT
A11: PHYSICAL COINS OUT | B11: 0 | E11: PHYSICAL COINS OUT | F11: 0
A12: CANCELLED CREDITS | B12: 0 | E12: CANCELLED CREDITS | F12: ='35'!B12 -> 0 | H12: =F12-B12 -> 0
A13: JACKPOT | B13: 0 | E13: JACKPOT | F13: ='35'!B13 -> 32000 | H13: =F13-B13 -> 32000
A14: YEILD | E14: YEILD
A15: DROP | B15: 0 | E15: DROP | F15: 0
A16: TOP WINS | E16: TOP WINS
A17: TOTAL WINS | E17: TOTAL WINS
A18: LOSSES | E18: LOSSES
A19: GAMES PLAYED | E19: GAMES PLAYED
A21: COIN IN TILT | B21: 0 | E21: COIN IN TILT | F21: 0
A22: JAMS | E22: JAMS
A23: COIN OUT TILT | B23: 0 | E23: COIN OUT TILT | F23: 0
A24: HOPPER EMPTY | B24: 0 | E24: HOPPER EMPTY | F24: 0
A25: DOOR OPEN | E25: DOOR OPEN
A27: RESETS | E27: RESETS
A29: CREDIT BET | E29: CREDIT BET
A30: CREDIT WON | E30: CREDIT WON
A31: CREDIT PAID | E31: CREDIT PAID
A33: CREDIT IN | E33: CREDIT IN
A34: COINS OUT | E34: COINS OUT
A36: CASHABLE CREDITS | B36: 92394 | E36: CASHABLE CREDITS | F36: ='35'!$B$43 -> 222875 | H36: =F36-B36 -> 130481
A37: UPLOADED CREDITS | B37: 53621 | E37: UPLOADED CREDITS | F37: ='35'!$B$46 -> 126918 | H37: =F37-B37 -> 73297
A39: GAMES PLAYED SINCE LAST DOOR CLOSED | E39: GAMES PLAYED SINCE LAST DOOR CLOSED
A40: GAMES PLAYED SINCE LAST POWER UP | E40: GAMES PLAYED SINCE LAST POWER UP
A42: DOUBLE UP METERS | E42: DOUBLE UP METERS
A43: TOTAL COINS IN | E43: TOTAL COINS IN
A44: TOTAL COINS OUT | E44: TOTAL COINS OUT
A45: DBL UP CHLLENGES | E45: DBL UP CHLLENGES
A46: DB CHALLENGES WON | E46: DB CHALLENGES WON
A48: HANDS TOTAL | E48: HANDS TOTAL
A49: ROYAL FLUSH | E49: ROYAL FLUSH
A50: FIVE OF A KIND | E50: FIVE OF A KIND
A51: JOKER ROYAL FLUSH | E51: JOKER ROYAL FLUSH
A52: STRAIGHT FLUSH | E52: STRAIGHT FLUSH
... A59: JACKS OR BETTER | E59: JACKS OR BETTER

Sheet 113 (R)
A1: opening meters | E1: closing meters
A2: Machine Brand | B2: EGT | C2: A | E2: Machine Brand | F2: EGT | G2: A
B3: MEGA VISION | F3: MEGA VISION
A4: 1 Credit = $ | B4: 1 | E4: 1 Credit = $ | F4: 1
A6: Machine Number | B6: 113 | E6: Machine Number | F6: =+B6 -> 113
A7: GAME | B7: MULTI GAMES | E7: GAME | F7: MULTI GAMES | H7: RESULTAT
A8: TOTAL BET (COIN IN) | E8: TOTAL BET (COIN IN)
A9: TOTAL CASHABLE PLAYED | E9: TOTAL CASHABLE PLAYED
A10: TOTAL PROMOTIONALPLAYED | E10: TOTAL PROMOTIONALPLAYED
A11: TOTAL NONCASHABLE PLAYED | E11: TOTAL NONCASHABLE PLAYED
A13: TOTAL WON | E13: TOTAL WON
A14: TOTAL WINNINGS TO CREDIT | E14: TOTAL WINNINGS TO CREDIT
A15: WINNINGS PAYTABLE(COIN OUT) | E15: WINNINGS PAYTABLE(COIN OUT)
A16: WINNINGS FROM PROGRESSIVES | B16: 0 | E16: WINNINGS FROM PROGRESSIVES | F16: 0
A17: WINNINGS FROM EXTERNAL BONUSES | B17: 0 | E17: WINNINGS FROM EXTERNAL BONUSES | F17: 0
A18: TOTAL WINNINGS PAID BY ATTENDANT | E18: TOTAL WINNINGS PAID BY ATTENDANT
A19: Attendant Paid Paytable | E19: Attendant Paid Paytable
A20: Attedant Paid Progressives | B20: 0 | E20: Attedant Paid Progressives | F20: 0
A21: Attendant Paid External Bonuses | B21: 0 | E21: Attendant Paid External Bonuses | F21: 0
A24: TOTAL IN | E24: TOTAL IN
A25: Physical Coin In | B25: 0 | E25: Physical Coin In | F25: 0
A26: Bill In | B26: 92684 | E26: Bill In | F26: =+'113'!$B$30 -> 977092 | H26: =F26-B26 -> 884408
A27: Cashless in | B27: 154305.03 | E27: Cashless in | F27: =+'113'!$B$31 -> 896713.58 | H27: =F27-B27 -> 742408.55
B28: 154305.03 | E28: Cashable Electronic in | F28: =F27 -> 896713.58
A29: KEYED IN | E29: KEYED IN
A30: Promotional Electronic In | B30: 0 | E30: Promotional Electronic In | F30: 0
A31: Non-cashable Voucher In | B31: 0 | E31: Non-cashable Voucher In | F31: 0
B32: 0 | F32: 0 | H32: =+H26+H27-H39 -> 275593.94
A33: TOTAL OUT | E33: TOTAL OUT | H33: =+H26+H27-H36-H39 -> 273891.3
A34: Physical Coin Out | B34: 0 | E34: Physical Coin Out | F34: 0
A35: Total Winnings Paid By Attendant | B35: 50237.5 | E35: Total Winnings Paid By Attendant | F35: =+'113'!$B$43 -> 104337.5 | H35: =F35-B35 -> 54100
A36: Cancelled Credits Paid by Attendant | B36: 9.9 | E36: Cancelled Credits Paid by Attendant | F36: =+'113'!$B$44 -> 1712.54 | H36: =F36-B36 -> 1702.64
A37: VOUCHER OUT | B37: 0 | E37: VOUCHER OUT | F37: 0
A38: non-cashable Voucher Out | B38: 0 | E38: non-cashable Voucher Out | F38: 0
A39: CASHLESS OUT | B39: 154910.48 | E39: CASHLESS OUT | F39: =+'113'!B49 -> 1506133.1 | H39: =F39-B39 -> 1351222.6
A40: Cashable Electronic Out | B40: 154910.48 | E40: Cashable Electronic Out | F40: =F39 -> 1506133.1
A41: Promotional Electronic Out | B41: 0 | E41: Promotional Electronic Out | F41: 0
A42: Non-cashable Electronic Out | B42: 0 | E42: Non-cashable Electronic Out | F42: 0
B43: 0 | F43: 0
A44: TOTAL CANCELLED CREDITS | E44: TOTAL CANCELLED CREDITS
B45: 0 | F45: 0
A46: TOTAL HANDPAY RECEIPT | B46: 0 | E46: TOTAL HANDPAY RECEIPT | F46: =F49 -> 0
A47: Cancelled Credits Receipt | B47: 0 | E47: Cancelled Credits Receipt | F47: 0
A48: Jackpot Receipt | B48: 0 | E48: Jackpot Receipt | F48: 0
B49: 0 | F49: 0
A50: COIN DROP | B50: 0 | E50: COIN DROP | F50: 0
A51: Extra Coins Out | B51: 0 | E51: Extra Coins Out | F51: 0
A52: Hopper Fill | B52: 0 | E52: Hopper Fill | F52: 0
A53: Quantity of Physical Coins In | B53: 0 | E53: Quantity of Physical Coins In | F53: 0
A54: Quantity of Physical Coins Out | B54: 0 | E54: Quantity of Physical Coins Out | F54: 0
A55: Quantity of Physical Coins In Drop | B55: 0 | E55: Quantity of Physical Coins In Drop | F55: 0
B56: 0 | F56: 0
A57: TOTAL GAMES PLAYED | B57: 0 | E57: TOTAL GAMES PLAYED | F57: 0
A58: Total GAMES Won | E58: Total GAMES Won
A59: Total GAMES Lost | E59: Total GAMES Lost
A60: Main Games Lost | E60: Main Games Lost
A61: Games Lost In Double Up | E61: Games Lost In Double Up

Sheet 27 (R)
A1: OPENING METERS | D1: CLOSING METERS
A3: Machine Brand | B3: IGT | D3: Machine Brand | E3: IGT
A5: 1 Credit = $ | B5: 0.01 | D5: 1 Credit = $ | E5: 0.01
A7: Machine Number | B7: 27 | D7: Machine Number | E7: 27
A8: GAME | B8: PHARAOS FORTUNE | D8: GAME | E8: PHARAOS FORTUNE | F8: RESULTAT
A9: COINS IN (total played) | D9: COINS IN (total played)
A11: total won | D11: total won
A12: machine paid won | D12: machine paid won
A13: coin out (machine paid paytable) | D13: coin out (machine paid paytable)
A14: MACHINE PAID PROGRESSIVE PAYOUT | B14: 0 | D14: MACHINE PAID PROGRESSIVE PAYOUT | E14: 0
A15: MACH PAID EXTERNAL BONUS PAYOUT | D15: MACH PAID EXTERNAL BONUS PAYOUT
A16: ATTENDANT PAID WON | D16: ATTENDANT PAID WON
A17: ATTENDANT PAID JACKPOTS | D17: ATTENDANT PAID JACKPOTS
A18: ATT PAID PROGRESSIVE PAYOUT | D18: ATT PAID PROGRESSIVE PAYOUT
A19: ATT PAID EXTERNAL BONUS PAYOUT | D19: ATT PAID EXTERNAL BONUS PAYOUT
A21: JACKPOT RESET TO CREDIT | D21: JACKPOT RESET TO CREDIT
A23: machine hold % | D23: machine hold %
A24: machine yield % | D24: machine yield %
A25: base machine hold % | D25: base machine hold %
A26: base machine yield % | D26: base machine yield %
A28: total in | C28: 0 | D28: total in
A29: physical coin in | B29: 0 | D29: physical coin in | E29: 0
A30: bill in | B30: 4527500 | D30: bill in | E30: ='27'!$B$29 -> 14848500 | F30: =+E30-B30 -> 10321000 | G30: =+F30*E5 -> 103210
A31: CASHLESS IN | B31: 2016571 | D31: CASHLESS IN | E31: ='27'!$B$30 -> 7689801 | F31: =+E31-B31 -> 5673230 | G31: =+F31*E5 -> 56732.3
A32: EFT IN | D32: EFT IN
A33: WAT IN | D33: WAT IN
A34: CASHABLE ELEC PROMO IN | D34: CASHABLE ELEC PROMO IN
A35: NON CASHABLE ELEC PROMO IN | D35: NON CASHABLE ELEC PROMO IN
A36: VOUCHER IN | D36: VOUCHER IN
A37: CASHABLE VOUCHER IN | D37: CASHABLE VOUCHER IN
A38: CASHABLE PROMO VOUCHER IN | D38: CASHABLE PROMO VOUCHER IN
A40: COUPON PROMO IN(NONCASHABLE) | D40: COUPON PROMO IN(NONCASHABLE)
A42: COIN DROP | D42: COIN DROP
A43: Total Out | D43: Total Out
A44: physical coin out | B44: 0 | D44: physical coin out | E44: 0
A45: Cashless out | B45: 5409355 | D45: Cashless out | E45: ='27'!$B$45 -> 16790158 | F45: =+E45-B45 -> 11380803 | G45: =+F45*E5 -> 113808.03
A46: WAT out | B46: 5409355 | D46: WAT out | E46: =E45 -> 16790158
A47: cashable elctronic promo out | D47: cashable elctronic promo out
A48: voucher out | D48: voucher out
A49: coupon promo out | D49: coupon promo out
A50: attendant Paid won | D50: attendant Paid won
A51: Attandant paid Cancel credit | B51: ='27'!$B$51 -> 50898 | D51: Attandant paid Cancel credit | E51: ='27'!$B$51 -> 50898 | F51: =E51-B51 -> 0 | G51: =+F51*0.01 -> 0
A53: total handpay receipt | D53: total handpay receipt
A54: cancelled credit receipt | D54: cancelled credit receipt
A55: jackpot receipt | D55: jackpot receipt
A57: TOTAL GAMES PLAYED | D57: TOTAL GAMES PLAYED
A58: TOTAL GAMES WON | D58: TOTAL GAMES WON
A59: TOTAL GAMES LOST | D59: TOTAL GAMES LOST
A60: TOTAL CASHABLE PROMOTIONAL PLAYED | D60: TOTAL CASHABLE PROMOTIONAL PLAYED
A61: TOTAL NONCASHABLE PROMOTIONAL PLAYED | D61: TOTAL NONCASHABLE PROMOTIONAL PLAYED
A62: QUANTITY OF PHYSICALCOINS IN | D62: QUANTITY OF PHYSICALCOINS IN
A63: QUANTITY OF PHYSICAL COINS OUT | D63: QUANTITY OF PHYSICAL COINS OUT
A65: HARD METERS | D65: HARD METERS
A66: COIN IN | D66: COIN IN
... A71: GAMES PLAYED | D71: GAMES PLAYED

Sheet 15 (R)
A1: OPENING METERS | E1: CLOSING METERS
A3: Machine Brand | B3: IGT | C3: B | E3: Machine Brand | F3: IGT | G3: B
B4: i game | F4: i game
A5: 1 Credit = $ | B5: =0.02 -> 0.02 | C5: $ | E5: 1 Credit = $ | F5: =0.02 -> 0.02 | G5: $
A7: Machine Number | B7: 15 | E7: Machine Number | F7: 15
A8: GAME | B8: CLEOPATRA | E8: GAME | F8: CLEOPATRA | H8: RESULTAT
A9: TOTAL PLAYED (COINS IN) | C9: 0 | E9: TOTAL PLAYED (COINS IN)
A10: TOTAL WON | E10: TOTAL WON
A11: COINS WON (COINS OUT) | E11: COINS WON (COINS OUT)
A12: JACKPOT WON | E12: JACKPOT WON | J12: ²
A13: MACHINE HOLD | E13: MACHINE HOLD
A14: MACHINE YEILD | E14: MACHINE YEILD
A16: TOTAL IN ( CREDIT ) | E16: TOTAL IN ( CREDIT )
A17: COIN IN | E17: COIN IN
A18: COIN IN 2 | B18: 0 | E18: COIN IN 2 | F18: 0
A19: BILL IN | B19: 41712000 | E19: BILL IN | F19: ='15'!$B$18 -> 43701000 | H19: =F19-B19 -> 1989000 | I19: =+H19*0.02 -> 39780 | K19: =I16-I24 -> -56324.16
A20: DEBIT IN | B20: 29224208 | E20: DEBIT IN | F20: ='15'!$B$19 -> 30956527 | H20: =F20-B20 -> 1732319 | I20: =+H20*0.02 -> 34646.38
A21: KEYED IN | E21: KEYED IN
A22: TOTAL OUT CREDIT | B22: 59312047 | E22: TOTAL OUT CREDIT | F22: ='15'!$B$21 -> 62339395
A23: COIN OUT | E23: COIN OUT
A24: DEBIT OUT | B24: 56392627 | E24: DEBIT OUT | F24: ='15'!$B$23 -> 59208835 | H24: =F24-B24 -> 2816208 | I24: =+H24*0.02 -> 56324.16
A25: JACKPOT HANDPAY | B25: 2919420 | E25: JACKPOT HANDPAY | F25: ='15'!$B$24 -> 3130560 | H25: =F25-B25 -> 211140 | I25: =H25*F5 -> 4222.8
A26: CANCELLED CREDIT | B26: 0 | E26: CANCELLED CREDIT | F26: ='15'!$B$25 -> 0 | H26: =F26-B26 -> 0 | I26: =H26*F5 -> 0
A28: TOTAL MONEY TO DROP | E28: TOTAL MONEY TO DROP
A29: BILL TO DROP | E29: BILL TO DROP
A30: COINS TO DROP | E30: COINS TO DROP
A32: HOPPER FILL | B32: 0 | E32: HOPPER FILL | F32: 0
A34: TOTAL GAMES PLAYED | E34: TOTAL GAMES PLAYED
A35: TOTAL GAME WON | E35: TOTAL GAME WON
A36: TOTAL GAMES LOST | E36: TOTAL GAMES LOST
A38: PHYSICAL COINS IN | E38: PHYSICAL COINS IN
A39: PHYSICAL COINS 2 IN | E39: PHYSICAL COINS 2 IN
A40: PHYSICAL COINS OUT | E40: PHYSICAL COINS OUT
A43: BASE MACHINE HOLD | E43: BASE MACHINE HOLD
A44: BASE MACHINE YEILD | E44: BASE MACHINE YEILD
A46: System total Bonus won | E46: System total Bonus won
A47: System deductable bonus won | E47: System deductable bonus won
A48: system non deductable bonus won | E48: system non deductable bonus won
A49: system wager match bonus won | E49: system wager match bonus won
... A53: system total bonus won | E53: system total bonus won

Sheet 12 (R)
A1: OPENING METERS | E1: closing meters
A2: Machine Brand | B2: IGT | C2: B | E2: Machine Brand | F2: IGT | G2: B
B3: i game | F3: i game
A4: 1 Credit = $ | B4: =0.02 -> 0.02 | C4: $ | E4: 1 Credit = $ | F4: =0.02 -> 0.02 | G4: $
B5: 41519 | F5: 41519
A6: Machine Number | B6: 12 | E6: Machine Number | F6: 12
A7: GAME | B7: RISQUE BUSINESS | E7: GAME | F7: RISQUE BUSINESS | H7: RESULTAT
A8: TOTAL PLAYED (COINS IN) | E8: TOTAL PLAYED (COINS IN)
A9: TOTAL WON | E9: TOTAL WON
A10: COINS WON (COINS OUT) | E10: COINS WON (COINS OUT)
A11: JACKPOT WON | E11: JACKPOT WON
A12: MACHINE HOLD | E12: MACHINE HOLD
A13: MACHINE YEILD | E13: MACHINE YEILD
A15: TOTAL IN ( CREDIT ) | E15: TOTAL IN ( CREDIT )
A16: COIN IN | E16: COIN IN
A17: COIN IN 2 | E17: COIN IN 2
A18: BILL IN | B18: 11472500 | E18: BILL IN | F18: ='12'!B18 -> 12817000 | H18: =F18-B18 -> 1344500 | I18: =H18*0.02 -> 26890
A19: DEBIT IN | B19: 6572151 | E19: DEBIT IN | F19: ='12'!B19 -> 8238799 | H19: =F19-B19 -> 1666648 | I19: =H19*0.02 -> 33332.96
A20: KEYED IN | B20: 0 | E20: KEYED IN | F20: 0
A21: TOTAL OUT CREDIT | E21: TOTAL OUT CREDIT | G21: 0 | I21: =I18-I19 -> -6442.96
A22: COIN OUT | E22: COIN OUT
A23: DEBIT OUT | B23: 15457225 | E23: DEBIT OUT | F23: ='12'!B23 -> 18089540 | H23: =F23-B23 -> 2632315 | I23: =H23*0.02 -> 52646.3
A24: JACKPOT HANDPAY | B24: 0 | E24: JACKPOT HANDPAY | F24: ='12'!B24 -> 0 | H24: =+F24-B24 -> 0 | I24: =+H24*0.02 -> 0
A25: CANCELLED CREDIT | B25: 0 | E25: CANCELLED CREDIT | F25: ='12'!B25 -> 0 | H25: =+F25-B25 -> 0 | I25: =+H25*0.02 -> 0
A27: TOTAL MONEY TO DROP | E27: TOTAL MONEY TO DROP
A28: BILL TO DROP | E28: BILL TO DROP | I28: =I18+I19-I23 -> 7576.66

Sheet 94 (R)
A1: opening meters | E1: closing meters | M1: AMES WON
A2: Machine Brand | B2: ATRONICS DIVERSITY | C2: A | E2: Machine Brand | F2: ATRONICS DIVERSITY | G2: A
A4: 1 Credit = $ | B4: 1 | E4: 1 Credit = $ | F4: 1
A6: Machine Number | B6: 94 | E6: Machine Number | F6: 94
A7: GAME | B7: Absolute Azure | E7: GAME | F7: Absolute Azure | H7: RESULTAT
A8: True In | B8: 48499.92 | E8: True In | F8: ='94'!$B$8 -> 50722.81 | H8: =F8-B8 -> 2222.89 | I8: true in
A9: Physical coin in | E9: Physical coin in
A10: bills in | E10: bills in
A11: Total vaucher in | E11: Total vaucher in
A12: Money wangered | B12: 0 | E12: Money wangered | F12: 0
A13: money won | E13: money won
A14: Hand paid w JP | E14: Hand paid w JP
A15: money played | E15: money played
A16: Money Won (incl Bonus, jcpts) | E16: Money Won (incl Bonus, jcpts)
A17: Money Won (incl prg Bonus, jcpts) | B17: 0 | E17: Money Won (incl prg Bonus, jcpts) | F17: 0
A18: total bonus in | B18: 0 | E18: total bonus in | F18: 0
A19: true out | E19: true out
A20: Physical coin out | E20: Physical coin out
A21: total voucher out | B21: 0 | E21: total voucher out | F21: 0
A22: total cashless trans out | B22: 46126.54 | E22: total cashless trans out | F22: ='94'!$B$21 -> 43305.32 | H22: =F22-B22 -> -2821.22 | I22: cashless out
A23: hand pay | B23: 0 | E23: hand pay | F23: 0
A24: Handpay (incl jackpt) | B24: 0 | E24: Handpay (incl jackpt) | F24: 0
A25: jackpot | B25: 0 | E25: jackpot | F25: 0
A26: jackpot (incl progressive jp, bonus) | B26: 0 | E26: jackpot (incl progressive jp, bonus) | F26: 0
A27: Net win (inc progressive jpt) | B27: 0 | E27: Net win (inc progressive jpt) | F27: 0
A28: Net win (inc progressive jpt, bonus) | B28: 0 | E28: Net win (inc progressive jpt, bonus) | F28: 0
A29: total voucher in | B29: 0 | E29: total voucher in | F29: 0
A30: total cashless trans in | B30: 21886.92 | E30: total cashless trans in | F30: ='94'!$B$12 -> 25076.81 | H30: =F30-B30 -> 3189.89 | I30: cashless in
A31: Total drop | B31: 26613 | E31: Total drop | F31: ='94'!$B$28 -> 25646 | H31: =F31-B31 -> -967 | I31: bills

Sheet 34 (R)
A1: opening meters | D1: closing meters
A2: Machine Brand | B2: IGT | C2: A | D2: Machine Brand | E2: IGT
B3: VIDEO POKER | E3: VIDEO POKER
A4: 1 Credit = $ | B4: 1 | D4: 1 Credit = $ | E4: 1
A6: Machine Number | B6: 34 | D6: Machine Number | E6: 34
A7: GAME | B7: VIDEO POKER | D7: GAME | E7: VIDEO POKER | F7: RESULAT
A8: CREDITS IN | D8: CREDITS IN
A9: PHYSICAL COINS IN | D9: PHYSICAL COINS IN | J9: 329
A10: COINS OUT | D10: COINS OUT
A11: PHYSICAL COINS OUT | B11: 0 | D11: PHYSICAL COINS OUT | E11: 0
A12: CANCELLED CREDITS | B12: 324 | D12: CANCELLED CREDITS | E12: ='34'!$B$12 -> 324 | F12: =E12-B12 -> 0
A13: JACKPOT | B13: 52000 | D13: JACKPOT | E13: ='34'!$B$13 -> 64000 | F13: =E13-B13 -> 12000
A14: YEILD | D14: YEILD
A15: DROP | D15: DROP
A16: TOP WINS | D16: TOP WINS
A17: TOTAL WINS | D17: TOTAL WINS
A18: LOSSES | D18: LOSSES
A19: GAMES PLAYED | D19: GAMES PLAYED
A21: COIN IN TILT | B21: 0 | D21: COIN IN TILT | E21: 0
A22: JAMS | D22: JAMS
A23: COIN OUT TILT | B23: 0 | D23: COIN OUT TILT | E23: 0
A24: HOPPER EMPTY | B24: 0 | D24: HOPPER EMPTY | E24: 0
A25: DOOR OPEN | D25: DOOR OPEN
A27: RESETS | D27: RESETS
A29: CREDIT BET | D29: CREDIT BET
A30: CREDIT WON | D30: CREDIT WON
A31: CREDIT PAID | B31: 0 | D31: CREDIT PAID | E31: 0
A33: CREDIT IN | D33: CREDIT IN
A34: CREDIT OUT | D34: CREDIT OUT
A36: CASHABLE CREDITS | B36: 400796 | D36: CASHABLE CREDITS | E36: ='34'!$B$43 -> 458712 | F36: =E36-B36 -> 57916
A37: UPLOADED CREDITS | B37: 294240 | D37: UPLOADED CREDITS | E37: ='34'!$B$46 -> 326923 | F37: =E37-B37 -> 32683 | G37: =+F36-F37 -> 25233
A39: AMES PLAYED 1/10 COINS | D39: AMES PLAYED 1/10 COINS
A40: GAMES PLAYED SINCE LAST DOOR CLOSED | D40: GAMES PLAYED SINCE LAST DOOR CLOSED
A43: GAMES PLAYED SINCE LAST POWER UP | D43: GAMES PLAYED SINCE LAST POWER UP
A46: TOTAL COINS IN | D46: TOTAL COINS IN
A47: TOTAL COINS OUT | D47: TOTAL COINS OUT
